,imdb_id,budget,revenue
0,tt4834220,3800000,847307
1,tt4677924,5000000,43682
2,tt5833186,18000000,12944
3,tt3838034,6000000,2385151
4,tt6157626,25000000,97051623
5,tt6148156,150000000,546792
6,tt5993456,4000000,1021120
7,tt6445396,7800000,3202694
8,tt5964278,10000000,6466643
9,tt2024521,10000000,435
10,tt5003186,2500000,1253363
11,tt5653514,250000,1510
12,tt6293516,8500000,899782
13,tt7133352,1500000,308974
14,tt6628228,50000000,7939761
15,tt1699518,9500000,4870373
16,tt6015706,110000000,1637776
17,tt5343532,1000000,25464
18,tt7219324,3200000,5720804
19,tt4180286,3000000,168738
20,tt4660172,5000000,16544
21,tt5193790,25000000,639967
22,tt4031126,250000,9110
23,tt5143890,5000000,3259
24,tt1680140,4000000,27741
25,tt7204006,2500000,1668753
26,tt5319866,1000000,1687000
27,tt5991410,4000000,7855570
28,tt5004766,1000000,52366
29,tt4036488,66000,47965
30,tt6155084,6000000,1219858
31,tt4515762,3000000,7285
32,tt4134826,250000,285169
33,tt2331100,800000,1606705
34,tt5989394,8000000,821380
35,tt5598160,1000000,423747
36,tt4064912,400000,333388
37,tt6055082,500000,1483677
38,tt6059142,0,19103
39,tt6471684,4600000,6382550
40,tt7223050,100000000,10226168
41,tt5972780,6000000,1746269
42,tt6980792,230000,2672
43,tt6462506,100000,166022
44,tt6125690,2000000,186200
45,tt6901252,6000000,309477
46,tt3853830,1250000,62398
47,tt6907804,3000000,15735317
48,tt5613834,600000000,3438746
49,tt6878378,120,1151913
50,tt5642124,2,383872
51,tt7677228,3000000,232931
52,tt5649480,600000000,374860
53,tt5709852,450000,16172
54,tt5066598,2500000,1380531
55,tt6149936,17000000,242997
56,tt6522546,1200000000,467720
57,tt5313922,1000000,224347
58,tt7180392,70000000,9796094
59,tt6908536,32000000,48065601
60,tt4460624,750000,37
61,tt7249854,400000000,51805
62,tt6389344,4000000,13816357
63,tt5882970,1550000000,4650456
64,tt6741568,6302900,1195004
65,tt7787418,18500000,46154323
66,tt6265988,220000000,339925
67,tt4791984,500000,455
68,tt4066836,400000,2537
69,tt6511676,3000000,218702
70,tt7146054,1500000,13006233
71,tt7286562,5550000,13125
72,tt6903084,12000000,5057715
73,tt7190460,50000000,94491
74,tt5225382,1000000,239735
75,tt4372736,1200000,90878
76,tt5765144,1300000,21349
77,tt4467194,7500000,301087
78,tt5867796,2300000,125220
79,tt3638960,2000000,102701
80,tt5778384,750000,184935
81,tt6613470,5000000,8849
82,tt2463842,650000,2044
83,tt1560987,1000000,110289
84,tt6185674,150000000,75705
85,tt6400316,2000000,59530
86,tt5862296,2000000,25461
87,tt6823698,34280000,6143216
88,tt4393036,19000,3982
89,tt6487050,500000,725286
90,tt6861726,500000000,196046
91,tt6134000,1310000,2142072
92,tt1105355,2000000,35312
93,tt5450328,150000,54681
94,tt5540194,5000000,14699
95,tt5636668,22000000,43892362
96,tt6058136,3000000,493374
97,tt5658296,30000000000,41922
98,tt7454138,27000000,836791
99,tt5822148,1165000,654019
100,tt6964554,2000000,409913
101,tt3531176,500000,212471
102,tt6616800,100000000,538997
103,tt6816070,400000000,22345
104,tt5858968,400000,5731
105,tt4823592,500000,87492
106,tt6598514,1000000,38398
107,tt5836246,0,2281031
108,tt6559642,700000,273291
109,tt5495726,28000000,337553
110,tt3122282,800000,5688
111,tt5057904,7000000,242189
112,tt6417014,385000,298075
113,tt6063014,150000,35841
114,tt6265536,120000000,139595
115,tt6010240,180000000,17750
116,tt5732530,3000000,244806
117,tt7093470,215000,265893
118,tt6445394,9000000,90850
119,tt8550264,3000000,5894
120,tt4952054,500000,18892
121,tt6566400,85850,62734
122,tt5723028,16000000,58154
123,tt6136430,150000,14518
124,tt5570086,500000,7657
125,tt2371365,5,34048
126,tt5323760,828000,12685
127,tt5156274,600000,211728
128,tt6141656,540000000,385831
129,tt5329852,500000,849857
130,tt4371680,600000,5510
131,tt6467968,650000,196700
132,tt4473378,350000,33370
133,tt6138680,150000000,31172
134,tt5934402,60000,46072
135,tt5690244,240000,14331
136,tt3564122,1200000,6112
137,tt7249874,500000000,27221
138,tt6054058,600000000,28995
139,tt5543600,1798000,3528478
140,tt4614304,75000,17071
141,tt6286796,3900000,1008
142,tt6195904,1500000,1869
143,tt5578538,911000,19970
144,tt4585080,850000,138028
145,tt6413712,325000,67172
146,tt6392102,780000,669640
147,tt6155922,500000,199509
148,tt6359554,200000000,42421
149,tt6601954,2000000,724258
150,tt6079186,5300000,16751
151,tt6774092,150000000,503784
152,tt5742874,550000000,358928
153,tt7623230,100000,538208
154,tt6793180,2000000,301933
155,tt5370442,120000000,24349
156,tt6194850,350000,1142638
157,tt7286908,100000000,35046130
158,tt7495440,453353,122413
159,tt6870750,1500000,162192
160,tt6788720,20000000,721293
161,tt7102426,3000000,23392
162,tt5708028,25185569,4224
163,tt6215964,100000,12008
164,tt6842524,300000,163386
165,tt6602928,1300000,1633936
166,tt6242752,100000,2016
167,tt5843990,76000,4373
168,tt7321504,150000,536
169,tt8077180,1,16565
170,tt8002146,500000,198349
171,tt4560748,350000,17517
172,tt3945864,3000000,193040
173,tt5334076,300000,21527
174,tt6693070,300000,35709
175,tt6800942,20000000,168552
176,tt5756126,3350600,134067
177,tt6489160,170000000,1986855
178,tt2258351,5000000,7631
179,tt6044548,2000000,16164
180,tt5870084,1600000,3410
181,tt6584902,600000,63718
182,tt3699104,60000000,2321975
183,tt6183334,500000,49822
184,tt7277680,100000000,10588
185,tt6002522,3000000,180706
186,tt8149090,60000000,2683
187,tt6228102,5500000,60247
188,tt3407614,80000000,65796
189,tt7791218,300000,1637947
190,tt3844638,1,270790
191,tt6548388,6000000,149725
192,tt5050876,0,14430
193,tt5641832,440000000,13453
194,tt3429340,4500000,1404
195,tt5762180,250000000,499
196,tt6865478,900000,145524
197,tt5671990,980927,16874
198,tt6609088,3400000,1033043
199,tt5756052,200000000,52982
200,tt7232860,100000000,45698503
201,tt6342396,6500000,7957
202,tt6644636,120000000,9451
203,tt5105296,192000,58155
204,tt7190418,1200000,40900
205,tt7295884,10000000,11471
206,tt6941878,300000,8927
207,tt7221896,10000,1415773
208,tt5777312,1000000,179519
209,tt6648696,750000,43660
210,tt5606986,1700000,2228701
211,tt6299366,10000000,1485785
212,tt5792714,1000000,1964
213,tt6545314,660000,2114
214,tt7567288,30000000,26045
215,tt6397530,25000,93039
216,tt5397464,2000000,702
217,tt7370188,4000000,554305
218,tt5917052,4000000,15526
219,tt6373738,4780000,397544
220,tt5493404,250000,33888
221,tt5934126,1500000,163629
222,tt5936484,40000000,2160
223,tt6722654,30000,312
224,tt6750506,7000000,284842
225,tt7093634,14000000,27051
226,tt6890828,57400,123090
227,tt7658600,445000,38871
228,tt4150782,100000,46357
229,tt6513656,45000000,17592626
230,tt6182908,80000000,214040103
231,tt7025976,22100000,7611035
232,tt7339792,6000000,6216897
233,tt4799066,2800000,27365467
234,tt6910020,16000000,36075317
235,tt7448180,3000000,28645
236,tt1799516,6000000,585333
237,tt9141128,55000000,184351
238,tt7126758,27000000,2105743
239,tt5629524,5000000,2305829
240,tt6957966,8000000,1362536
241,tt7125774,10,11859396
242,tt7886614,75000000,20492363
243,tt4595882,10000000,12442161
244,tt5179598,15000000,2713955
245,tt3111516,2000000,353326
246,tt5591666,10600000,59766
247,tt8632862,5000000,6674168
248,tt7008872,11000000,11853081
249,tt5688868,415000,73383
250,tt5688932,3200000,18170707
251,tt4266076,2990000,95208
252,tt7205316,4000000,1136887
253,tt3680820,2000000,1557257
254,tt4602066,14000000,953953
255,tt5610554,13000000,15636462
256,tt7375304,18000000,65208
257,tt6205872,7000000,2584988
258,tt7365604,10000000,6842356
259,tt7738450,191000,456304
260,tt6768578,4000000,5080147
261,tt5696326,24000000,89988
262,tt7208564,1200000,122833
263,tt5467928,115126396,1897
264,tt7139246,10000000,2590197
265,tt6512428,2700000,3589633
266,tt5540992,18000000,182415
267,tt6858020,6000000,3703867
268,tt8515806,5000000,4878325
269,tt3759298,5000000,1557172
270,tt7054868,350000,12564
271,tt3732280,2322000,54850
272,tt6793280,300000,516660
273,tt6708044,3500000,7318071
274,tt7105944,7500000,11740817
275,tt5085522,1000000,385428
276,tt7210426,6400000,8123764
277,tt7485508,700000,342699
278,tt7279188,2500000,4481653
279,tt6347150,1700000,52408
280,tt8574252,6000000000,24343708
281,tt7672068,50000000,40995
282,tt9094112,1000000,50197
283,tt6752848,1500000,1092277
284,tt6932818,6000000,1211394
285,tt7227100,69976709,32352
286,tt8074486,4000000,80749
287,tt5291792,3000000,8472
288,tt5981944,10000000,1576821
289,tt7654872,6300000,3136670
290,tt5878590,26000000,431475
291,tt8564902,6000000,5885881
292,tt7073522,16900000,2481681
293,tt7158686,1700000,1456151
294,tt7913172,100000,53503
295,tt6892446,800000,138535
296,tt6451260,6900000,862888
297,tt7099566,250000,20342
298,tt8007436,1800000,1103585
299,tt6126346,3750000,2174896
300,tt2993848,200000000,4957041
301,tt7098658,300000000,1812763
302,tt7882104,6000000,9786399
303,tt6301452,45000,5535
304,tt6414890,5240000,1184348
305,tt7875464,514000,811196
306,tt6972372,65,4303454
307,tt4454078,5500000,3982
308,tt4261326,1200000,5078
309,tt5475734,8000000,7694425
310,tt5338644,4637933,778142
311,tt4645358,1500000,138868
312,tt7132578,3500000,3934443
313,tt5668822,33000000,72821
314,tt7362036,15000000,451183391
315,tt7195416,2500000,1862432
316,tt7212726,1390000000,51329472
317,tt7241074,4150000,962342
318,tt6995612,20000000,4348198
319,tt3458760,1000000,25015
320,tt4138254,136425999,2217938
321,tt5970844,20000000,39570044
322,tt7765910,100,428762
323,tt9062342,40,1830556
324,tt7730492,2500000,2477497
325,tt6686700,2500000,593078
326,tt5311514,370000000,358922706
327,tt5425264,20000000,3916195
328,tt4777660,3000000,90611
329,tt4246856,650000,68577
330,tt5133308,2000000,3190219
331,tt4937564,2500000,49957
332,tt4327752,10000000,13109
333,tt4776564,22400000,10857
334,tt2782844,11200000,33289
335,tt4680182,15000000,4531320
336,tt5157456,1250000000,29161298
337,tt4629266,10000000,25081168
338,tt4621630,3000000,1143304
339,tt4019560,6000000,269915
340,tt4291600,500000,5401447
341,tt5243900,35000000000,31918573
342,tt4864932,5200000,676602
343,tt3960412,20000000,9680029
344,tt4652532,20000000,3554029
345,tt2170427,3000000,23627
346,tt0787524,10000000,12252684
347,tt5207204,1700000,6457240
348,tt4776998,90000000,12448676
349,tt4303340,1254470,21148
350,tt5344794,5000000,21701
351,tt1663655,1000000,397072
352,tt4871980,5000000,10414738
353,tt3450900,25000000,906995
354,tt3424690,3000000,289299
355,tt1480285,5000000,663460
356,tt5735280,300000,3599
357,tt3253232,3000000,421404
358,tt2990126,3000000,309
359,tt5813916,2000000,11378898
360,tt3723780,12000000,4828042
361,tt4806012,4500000,7179946
362,tt1655461,10000000,247949
363,tt4254584,2000000,150191
364,tt4447108,400000,24083
365,tt4847546,1200000,8708
366,tt4370784,6000000,7400324
367,tt4677578,80000000,453276
368,tt3923662,5000000,30194
369,tt3574822,25000000,1670217
370,tt4919484,2000000,2008649
371,tt6068960,10000000,6960645
372,tt5173166,13000000,9193243
373,tt4714896,12000000,155111
374,tt4795546,5600000,321768
375,tt4558396,4700000,598929
376,tt4626160,600000,207005
377,tt4621872,15000000,9029150
378,tt4975280,710000000,208999
379,tt4240406,80000000,2480082
380,tt4857596,5620000,8405304
381,tt5039860,15000000,5623134
382,tt3410408,300000000,69289
383,tt5089786,2400000,2091517
384,tt5270810,1460000000,3910254
385,tt5471154,275600000,45150390
386,tt3655972,4200000,2090232
387,tt2950418,9000000,2000620
388,tt4699534,2600000,1531866
389,tt4776964,2300000,1065961
390,tt6033150,4000000,11702016
391,tt4746506,5000000,1898410
392,tt4809638,1800000,4243953
393,tt5843056,15000000,5350348
394,tt2718028,2000000,1693944
395,tt4082524,2300000,9536
396,tt3847390,250000,39740
397,tt5896674,1000000,8516
398,tt4616292,5000000,2434473
399,tt3952900,1800000,1331227
400,tt5433520,3000000,2242471
401,tt5460986,1000000,948
402,tt5440700,1000000000,678057
403,tt1401621,500000,4550
404,tt6017536,250000,11308
405,tt4906984,380000000,147521
406,tt4362646,2500000,257095
407,tt4613272,200000,935236
408,tt4428740,7900000,3874946
409,tt5247544,5600000,2918159
410,tt4072326,20000000,50721
411,tt4414438,18000000,7162
412,tt3014556,1000000,128788
413,tt4291700,3530000,6820723
414,tt2248739,1100000,26448
415,tt5129818,390000,305993
416,tt5883632,7000000,8404
417,tt4365518,3850000,414698
418,tt4026570,400000,41913
419,tt6086614,950000,502941
420,tt4811564,1500000,102428
421,tt3300932,1800000,9930
422,tt4528454,1000000,39012
423,tt4687276,1000000,621738
424,tt3103166,3500000,182695
425,tt3489996,2000000,25318
426,tt4634422,1400000,901435
427,tt5211044,1000000,19107
428,tt4682708,400000,8438
429,tt5572720,1000000,7550254
430,tt5599818,500,51505
431,tt5073020,1100000,21135
432,tt5644006,1000000,796804
433,tt3685570,1000000,9034
434,tt5908566,750000,80847
435,tt3975072,55000000,651765
436,tt5545582,250,8930
437,tt3697398,55000,210979
438,tt5229228,4500000,4227648
439,tt2787570,5000000,90456
440,tt4283358,33000000,11426875
441,tt5028822,800000,10844
442,tt3591696,750000,7095
443,tt6070530,1500000,7580125
444,tt3919034,3000000,213835
445,tt6316170,1000000,902012
446,tt5700224,40000,593418
447,tt4399594,9000000,3454709
448,tt4838486,7045000,926
449,tt5088794,1000000,82144
450,tt4675030,30000000,21567
451,tt5354664,175000000,145819137
452,tt3658366,200000,19526
453,tt1726252,4000000,474926
454,tt4538016,20800000,1527
455,tt4121640,1400000,128425
456,tt6054290,8000000,24864375
457,tt6074202,400000000,119107580
458,tt5077886,3628121,672079
459,tt1273219,650000,3558
460,tt6041030,257000,1322500
461,tt4949254,1200000,1475550
462,tt4911876,1500000,23638
463,tt4310356,5000000,5045207
464,tt4463762,1370000,776636
465,tt5471480,1000000,101739
466,tt5775132,400000,178210
467,tt4947738,3200000,222565
468,tt4508542,2500000,250847
469,tt5142216,2000,4300
470,tt4983736,200000000,19873
471,tt4080594,5200000,5701519
472,tt5701172,140000000,261306
473,tt4857878,2000000,327747
474,tt5679536,250000,1441
475,tt5920348,130000000,109818
476,tt3744264,5000000,256229
477,tt5141494,3969844,232289
478,tt5372466,850000000,136623
479,tt5852052,350000,29908
480,tt5234510,2,134672
481,tt6126294,400000000,191459
482,tt5011242,1000000,406960
483,tt6011884,200000000,2632583
484,tt5098128,500000000,1003
485,tt5576174,0,2845124
486,tt5093754,0,6559996
487,tt3505094,85135,2465
488,tt3584954,766000,88401
489,tt2091245,1000000,30213
490,tt5425144,160000000,37749848
491,tt5503266,1960000,23857217
492,tt5568330,2000000,6559
493,tt3503454,2000000,11972
494,tt5131914,75000,228
495,tt5313414,3000000,55621
496,tt4924082,7500000,470903
497,tt2338774,1220000,609
498,tt5210376,450000,144130
499,tt5882398,20000000000,19608000
500,tt4899056,6000000,48870
501,tt4271910,7300000,63970
502,tt5662990,4000000,2035
503,tt3468352,700000,272262
504,tt2215211,1800000,2662
505,tt3425402,60000,164772
506,tt5909128,5000000,1465048
507,tt4866320,1400000,250327
508,tt4335804,2000000,63010
509,tt5356680,500000,1185
510,tt2249039,2500000,56551
511,tt4862468,20000000,53306108
512,tt5756242,100000000,7514
513,tt6141374,1000000,627563
514,tt5195390,17,386997
515,tt4805816,1400000,139896
516,tt5002394,57000,18840
517,tt5886216,350000000,29541
518,tt5030004,1664000,3664336
519,tt4721502,1400000,806540
520,tt5187816,80000000,8980243
521,tt4524676,1500000,2293
522,tt3577616,747500,4234
523,tt3296248,130000,3239
524,tt5953804,52000000,639052
525,tt6229786,900000,2532773
526,tt5465374,80000000,52787
527,tt5100046,0,15590
528,tt5551590,1200000,87618
529,tt4125568,1000000,1055809
530,tt6141468,1700000,98890
531,tt5641300,20000000,1135
532,tt4675926,3200000,246799
533,tt5565818,50000000,424961
534,tt6287174,3560000,18292
535,tt4567500,700000,243897
536,tt4176928,2500000,96169
537,tt6153126,250000,16932
538,tt5495258,250000000,11794
539,tt4747848,810580,63258
540,tt5072350,630000,181686
541,tt5786632,600000,12388
542,tt5933966,500000,46850
543,tt3477172,750000,42173
544,tt6040012,760000000,1798
545,tt6047120,4000000,199935
546,tt4606770,672446,34033
547,tt5914618,12000000,1151187
548,tt3806596,16400000,52064
549,tt5434374,2360000,774653
550,tt5304086,300000000,104734
551,tt4212552,6000000,75568
552,tt4905556,182000,49853
553,tt4947672,2400000,157683
554,tt5916712,400000,369
555,tt6079360,8000000,6892
556,tt6176162,8500000,46149
557,tt4350998,1000000,34785
558,tt4997196,600000,130520
559,tt5376720,217500,7527
560,tt5565670,50000000,504002
561,tt5190872,9500000,12369340
562,tt5569468,5000000,690925
563,tt4993990,4000000,15462
564,tt5211710,4200000,32659
565,tt5463412,1500000,42992
566,tt6115284,4000000,1284
567,tt5446460,10000000000,294953
568,tt3810602,70000,7366
569,tt5112054,1340000,629439
570,tt5618870,100000000,16748620
571,tt6079160,200000,145730
572,tt1890363,20000000,59679
573,tt5347158,500000,29500
574,tt5328784,100000000,7279
575,tt3806654,1000000,20584
576,tt5595240,60000000,296715
577,tt3185650,1000000,29495
578,tt5929890,1400000,432288
579,tt5262450,1412000,3429915
580,tt5650098,800000,51719
581,tt4432364,10,64105
582,tt5821968,4000000,232183
583,tt5851492,3000000,15496
584,tt3876860,350000000,5208
585,tt5483634,2000000,257650
586,tt4636252,1300000,1052730
587,tt3263192,574000,1267
588,tt5313980,100000000,9995
589,tt2207112,2900000,70525
590,tt4123876,580000,8972
591,tt6892250,2000000,1905999
592,tt5537614,120000,137035
593,tt4302788,3800000,25928
594,tt5074552,80000000,17489
595,tt5154162,250000,56364
596,tt3990782,500000,27836
597,tt3411076,35000000,94950
598,tt5746140,500000,15946
599,tt6003734,3000000,705
600,tt5611958,200000,12799
601,tt6001712,1100000,19640
602,tt4616572,650000,13260
603,tt5439426,100000,46213
604,tt6419748,1500000,1686
605,tt5270366,40000000,23162
606,tt3504836,600000,3845
607,tt5829116,5000000,39493
608,tt4795124,10000000,62547032
609,tt5462326,7000000,165962
610,tt2720826,31000000,7215027
611,tt4131800,6500000,60330833
612,tt5804314,3000000,7241302
613,tt5456104,5000000,933954
614,tt6113488,5000000,18175663
615,tt4663548,2000000,5942565
616,tt5816682,21000000,66558465
617,tt4729896,500000,434336
618,tt4155534,19500000,10952433
619,tt3531202,4749500,23689
620,tt2531334,5000000,94178
621,tt4846232,4500000,3283369
622,tt6194530,2800000,497676
623,tt4703182,1000000,5199
624,tt6045466,4000000,5381950
625,tt7241654,5000000,5124
626,tt6101820,4000000,33262366
627,tt6515342,14800000,5394474
628,tt5294198,350000,2666
629,tt5649108,6000000,3187255
630,tt6404816,24987000,1450201
631,tt3481634,10000000,259635
632,tt3469798,4000000,297682
633,tt6060156,3550000,7158925
634,tt6763252,5800000,1196669
635,tt1934452,2000000,22443
636,tt1230168,15000000,6423605
637,tt6713562,1500000,3012
638,tt3721954,4993020,9733932
639,tt6759686,600000,5519
640,tt3778010,24000000,21675
641,tt4126568,650000,836413
642,tt5222918,1600000,4282973
643,tt4778988,26000000,2510151
644,tt6346162,2000000,2827489
645,tt5657028,7546570,29370592
646,tt5154288,80000,103885
647,tt6857250,90000000,77151096
648,tt4728386,1300000,80051
649,tt5281700,6000000,46180
650,tt6155194,1500000,290064
651,tt1935089,2500000,98280
652,tt6106526,6000000,7976551
653,tt4823434,26040000,576598
654,tt5655222,1200000,4101699
655,tt5265948,2000000,134126
656,tt5804948,17214408,9548364
657,tt6170954,290000000,55429
658,tt5987402,7500000,59884997
659,tt6462462,9729038,10968212
660,tt6974196,1000000,579830
661,tt6433624,2200000,979703
662,tt5693136,3500000,860750
663,tt6089700,800000,109227
664,tt6081632,11000000,7034772
665,tt4711924,1000000,423981
666,tt5345806,25000000,1149667
667,tt5041296,5000000,1346352
668,tt5247704,7870000,11625884
669,tt6423776,2978000,4192590
670,tt6569546,162000000,782438
671,tt6332764,1100000,20418
672,tt8045170,7,103775
673,tt6469892,18000000,1080895
674,tt7147540,6250000,14751915
675,tt4702346,2000000,7457
676,tt2179231,1500000,19996
677,tt7602430,400000,19743
678,tt5509412,600000,1869
679,tt7169514,6900000,4943572
680,tt5207158,360000,2365712
681,tt5553962,437000,5642
682,tt8961266,2000000,430393
683,tt6532192,3725000,381668
684,tt6849128,15000000,24844
685,tt7690638,200000000,6579645
686,tt4823538,47900000,11021794
687,tt8529186,150000000,366961907
688,tt3893664,150000,31031
689,tt4631048,200000,5010
690,tt8580240,1000000,7850
691,tt5932330,60000,7072
692,tt7717440,230000000,392295
693,tt6818140,7000000,8292310
694,tt8320378,618086,623263
695,tt5791098,2700000,1548893
696,tt6993174,180,19396
697,tt8377572,2300000,915126
698,tt6593240,600,111197
699,tt7769530,6600000,4531635
700,tt4876524,20000000,1398352
701,tt7217128,4357442,1698442
702,tt8394526,340000,26130
703,tt7581572,200000,809541
704,tt6072502,3000000,64760
705,tt3295734,250000,11201
706,tt7533756,45500000,4957487
707,tt6207634,900,9912
708,tt7407496,1200000,14905
709,tt8821182,3000000,11232
710,tt2482856,1000000,772000
711,tt6423998,150000,33901
712,tt7947470,21700000,48537
713,tt7023236,1600000,20889
714,tt6871634,90000000,6061514
715,tt7216256,2500000,1151580
716,tt7676066,0,2985
717,tt4949112,1000000,75507
718,tt6400280,500000,38399
719,tt7926840,30000000,3004952
720,tt8443556,20000000,26796279
721,tt7128066,800000,20270
722,tt6083534,300000,4988
723,tt7963848,19200000,703734
724,tt9070934,70000000,29973
725,tt8829850,280000,67415
726,tt6051312,140000,9470
727,tt7906422,40000000,394887
728,tt7050476,50000000,4562667
729,tt5225428,300000,2238
730,tt7589670,10500000,24740
731,tt7358598,3000000,747236
732,tt7091504,1300000,478957
733,tt9270416,100000000,32011
734,tt8406750,1800000,31086
735,tt7531990,600,947929
736,tt3653132,500000,4767
737,tt8297816,806000,5568
738,tt6516734,8000000,2627805
739,tt6712374,15000000,1929069
740,tt5572856,500000,4942
741,tt7711342,894000000,182751
742,tt7345930,60000000,2735
743,tt8837018,1000000,12135
744,tt0493406,2800000,9891729
745,tt8094308,720000,6302
746,tt8071308,50000000,9626679
747,tt5271794,3000000,79711
748,tt2050452,1000000,213256
749,tt6283474,1791000,636170
750,tt6415214,8025000,53901
751,tt5178964,2000000,69290
752,tt5335244,400000,20062
753,tt7413472,22100000,95948
754,tt8493514,2,4394284
755,tt4039842,500000,20052
756,tt6610280,500000,296755
757,tt7329602,100000000,232835
758,tt3907284,3610000,954696
759,tt8244298,54000000,39891
760,tt6404166,300000,2202
761,tt6755366,230000000,264307
762,tt8814620,500000,90168
763,tt8655618,38000000,31285
764,tt6202690,480000,1203
765,tt7304194,30000,5065
766,tt7027278,350000000,13999297
767,tt2534642,3000000,16576
768,tt7903634,1000000,181172
769,tt8027180,300000,11388
770,tt7915806,30000,11496
771,tt3674018,2000000,51703
772,tt6264928,5000000,69175
773,tt8026554,20000,853
774,tt7822050,99914950,141132
775,tt8892660,280000,474562
776,tt7989512,12000000,19990
777,tt7283212,300000,134288
778,tt10505424,500000,10227
779,tt8649148,500000,20721
780,tt6916872,500000,11465365
781,tt9037222,1200000,2708622
782,tt7294844,200000,131500
783,tt4902266,12000000,1422565
784,tt6109080,1300000,136070
785,tt8526824,765000,959056
786,tt7762982,2500000,639685
787,tt8702008,675000,43
788,tt7571992,317000000,263485
789,tt7925418,650000,416835
790,tt8893870,230000000,81096321
791,tt8901582,530000,7813
792,tt5932800,80000,648008
793,tt2386588,2500000,57420
794,tt6251504,12,89178
795,tt8128618,500,78649
796,tt7222606,500000,26366
797,tt8665634,1000000,188044
798,tt4566320,677000,19366
799,tt7499368,100000,219342
800,tt3765310,1000000,3159
801,tt8769528,100000,1233
802,tt8686460,5800000,220061
803,tt8124376,12000,896
804,tt7773598,500000,991167
805,tt7412738,2000000,18065
806,tt7170698,910000,139271
807,tt9339958,350000,285916
808,tt7425298,640000,41411
809,tt5687414,200000,22662
810,tt8898164,150000,815
811,tt8267142,280000,4583
812,tt8290870,200000,22380
813,tt7854040,3200000,396530
814,tt8473642,250000,5871
815,tt7737928,300000,3003
816,tt6689006,1000000,14402
817,tt7749928,1000000,39446
818,tt9020130,1000000,1079373
819,tt8418000,100,35862
820,tt9067278,690000,214936
821,tt11285908,17700000,61255955
822,tt9426210,11100000,193186879
823,tt7394816,9000000,84630
824,tt8385474,16000000,75727748
825,tt6079516,3000000,1098207
826,tt7083526,14000000,50444358
827,tt6902676,15000000,1002656
828,tt3920820,10000000,4376819
829,tt3584496,85000,116466
830,tt10337550,210000,552
831,tt7278824,8000000,2440478
832,tt1298644,21000000,95017038
833,tt8186318,5000000,38026103
834,tt4426464,61000000,9877855
835,tt4648786,17000000,43347017
836,tt9527778,950000,965558
837,tt7972178,6000000,159630
838,tt2452244,31000000,48791187
839,tt6284064,11000000,2113603
840,tt6423362,9000000,6750029
841,tt6803212,5000000,5288011
842,tt6722030,8000000,36599361
843,tt8652728,6000000,2563470
844,tt7304802,5300000,1981353
845,tt4364194,6200000,23725674
846,tt8266310,15000000,18096691
847,tt8400758,26000000,97092
848,tt6521876,10000000,4691248
849,tt6535880,5000000,2233978
850,tt2140507,30000000,12217160
851,tt5125894,10000000,16418218
852,tt8660788,3000000,8299778
853,tt10407272,4000000,5485340
854,tt6270534,10000000,2862552
855,tt3517870,350000,226421
856,tt9049042,3500000,2654874
857,tt2398149,25300000,18875436
858,tt6736198,1450000,3231457
859,tt8193790,4000000,1641693
860,tt6054846,75000000,3264853
861,tt10516086,46300000,1647393
862,tt7054636,20000000,74747725
863,tt9105628,6500000,547793
864,tt7493370,6580000,1021200
865,tt7398584,2750000,328789
866,tt4516162,3800000,2856760
867,tt3138122,2000000,9687
868,tt8753438,7300000,2994369
869,tt3340446,25000000,4323211
870,tt8291224,450000000,39346577
871,tt4999290,3600000,122062
872,tt7857374,4000000,221975
873,tt10460990,1400000,881
874,tt7248248,5600000,151063
875,tt5460522,2000000,205
876,tt6814214,36000000,45937
877,tt8266452,8000000,1778723
878,tt10480532,6000000,16925503
879,tt9074406,12000000,76322
880,tt4060544,17000000,388518
881,tt8351646,4000000,565117
882,tt8028600,250000,1473
883,tt6032704,1,175038
884,tt9431080,3600000,1703524
885,tt4642192,11,1916514
886,tt3201736,2500000,6424420
887,tt10215424,1000000,477009
888,tt10384514,0,814454
889,tt9133370,1000000,929433
890,tt6214468,500000,5595
891,tt7224520,1800000,76243
892,tt7336182,1500000,22764
893,tt9170086,3500000,1428582
894,tt9602258,11500000000,21083522
895,tt4925340,1300000,5504
896,tt9351854,15000000,3697
897,tt10291544,5000000,5556301
898,tt5149490,2000000,47140
899,tt6264938,1200000000,1296688
900,tt9281008,4000000,1676781
901,tt7374952,8000000,1404646
902,tt6954136,500000,10606
903,tt8220326,3800000,1431052
904,tt7661028,1000000,14782
905,tt7319496,4100000,1480790
906,tt10276114,150000,13294
907,tt8610984,6000000,607078
908,tt6988116,1500000000,17987034
909,tt7581552,80000000,496417
910,tt7255568,800000000,1635907
911,tt11498038,15500000000,13902314
912,tt7336470,1800000,185675
913,tt3486080,80000,67522
914,tt9146058,800000,274858
915,tt9617582,50000,208907
916,tt9077038,1000000,19705
917,tt2386668,1200000,45696
918,tt9207188,6300000,4530412
919,tt8431314,3000000,384145
920,tt7986672,3377000,172220
921,tt10151260,60000000,1087227
922,tt9316574,28200000,4599483
923,tt8669356,1500000,194278
924,tt3602422,1000000,38901
925,tt9278434,400000,69547
926,tt9449332,250000,1596
927,tt10419266,7000000,56245
928,tt10214826,20000,4454
929,tt9477520,600000000,379728
930,tt9900782,240000000,524061
931,tt7738784,70000000,3417
932,tt9179230,41000000,57263
933,tt9033534,14000000,202339
934,tt8028628,70000000,1028949
935,tt11041006,5600000,21386368
936,tt7059844,100000000,14784628
937,tt9172840,150000000,59322
938,tt8751976,550000000,72048
939,tt10319998,1000000,135655
940,tt6668974,1000000,2702
941,tt10280220,7900000,17395
942,tt8983294,15000,21600
943,tt8042248,400000000,111447
944,tt8157400,4855000,249971
945,tt5490896,1000000,180
946,tt7387300,2500000,52156
947,tt9824012,550000,47091
948,tt8898812,3800000,644155
949,tt10484902,38000000,1712086
950,tt7979668,250000,11888
951,tt7406704,830000,2205
952,tt6660238,105000000,327598891
953,tt8287690,2500000,13856
954,tt5815016,20000000,542269
955,tt8971476,50000000,7505141
956,tt10124714,1000000,204032
957,tt4493588,4500000,2871120
958,tt10477950,8025000,5159
959,tt7529350,700000,258008
960,tt9643596,10000,159
961,tt9437360,400000,11849
962,tt10805618,980000,33381
963,tt7853804,4000000,203863
964,tt4971258,800000,15496
965,tt4677244,15000000,24000
966,tt6168914,1255000,22748
967,tt7764804,1650000,847
968,tt10497826,30000000,3856353
969,tt7689186,800000,47231
970,tt8448426,1650000,661569
971,tt7692434,70000000,125766
972,tt7759362,2000000,417770
973,tt10431010,1000000,5987
974,tt8826492,200000,267250
975,tt6144666,500000,165
976,tt10813338,0,1504342
977,tt9407526,15300000,393554
978,tt8799390,509000,566764
979,tt11110904,10000000,36389
980,tt9612164,500000,5934
981,tt7725374,5000000,116900
982,tt10298454,1000000,92640
983,tt6066696,10000000,311640
984,tt9081558,120000000,101737
985,tt9575726,0,806451
986,tt9695404,2500000,897441
987,tt5169738,1,810
988,tt7772498,600000,165627
989,tt7544954,4000000,104871
990,tt7697060,28270000,792960
991,tt9574922,500000,252098
992,tt7490282,1500000,330735
993,tt10888514,50000,80675
994,tt9883042,50000000,9306
995,tt9258012,1350000,41827
996,tt7109900,28000000,4629
997,tt4325644,500000,41656
998,tt8946798,12000000,10421
999,tt6977218,245000,88336
1000,tt11218428,830000,1269
1001,tt6268222,500000,6536
1002,tt11470272,103000000,3187
1003,tt10750608,750000,4105
1004,tt9775716,5000,102
1005,tt6682438,300000,29395
1006,tt7699336,700000,32969
1007,tt11041754,280000,1393328
1008,tt11404586,500000,5656
1009,tt9877340,50000000,42104
1010,tt10406288,8894164,5015
1011,tt11006500,250000,82480
1012,tt11249422,500000,5633
1013,tt9249886,1500000,159915
1014,tt9648868,193580,7365
1015,tt10915106,400000,26953
1016,tt8377822,250000,3118
1017,tt8710194,750000,2263
1018,tt10534962,260000,161805
1019,tt10665470,1000000,691996
1020,tt9916428,10000000,4408165
1021,tt8790606,2000000,22402
1022,tt11166646,450,1698
1023,tt9878242,30000000,105932
1024,tt9857522,1000000,25618
1025,tt10521708,10000000,508781
1026,tt10650338,25000000,2547
1027,tt9351220,50000000,15800
1028,tt5784434,15000000,2127425
1029,tt9431740,658000,40093
1030,tt10541670,60000,1833
1031,tt6916502,3000000,374793
1032,tt7287656,1500000,34417
1033,tt9825006,3850000,119894
1034,tt9538710,450000,12502
1035,tt8207768,2000000,10248
1036,tt9648372,425406,1368
1037,tt0479943,250000,27073
1038,tt10233050,3000000,43598
1039,tt9695764,9000,30389
1040,tt3797888,55000000,16065
1041,tt10446930,1000000,274700
1042,tt7172612,180000000,142748
1043,tt9808564,50000000,29319
1044,tt9857480,3310000,409
1045,tt3064338,80000,5498
1046,tt9767586,800000,50852
1047,tt1754650,7800000,4237
1048,tt10752470,30000,7659
1049,tt9886872,30000000,2568
1050,tt10602144,950000,5514
1051,tt10183542,2,471182
1052,tt9176136,986000,36721
1053,tt6587640,90000000,34030760
1054,tt12745164,17000000,3288318
1055,tt3547306,6500000,864928
1056,tt3833480,18000000,2011158
1057,tt10081762,36000000,98157
1058,tt10308928,23000000,638221
1059,tt11140488,2000000,185026
1060,tt9779516,12000000,15756972
1061,tt12139700,8000000,237312
1062,tt2420124,6000000,144564
1063,tt8976664,3300000,6292780
1064,tt9214832,10000000,25645440
1065,tt9537888,6000000,968233
1066,tt9086228,5000000,22051055
1067,tt8200456,2400000,5222322
1068,tt10816484,2500000,3486375
1069,tt7798646,16000000,20690779
1070,tt9362276,350000000,46834
1071,tt11759906,800000,657239
1072,tt9733094,1,149937
1073,tt12145322,450000,14465
1074,tt5616176,15000000,1308559
1075,tt6393296,1600000,46296
1076,tt8305852,25000000,65852
1077,tt8006374,70000000,1230184
1078,tt9648886,1500000,3203320
1079,tt5717194,5000000,49104
1080,tt10702006,1000000,10064
1081,tt6659936,1000000,27913
1082,tt10251538,8500000,9330351
1083,tt7263040,900000,396624
1084,tt10814876,1200000,3757
1085,tt10937670,2000000,3691574
1086,tt10123698,4800000,659027
1087,tt7095476,10000000,36404
1088,tt9482230,3000000,23588
1089,tt9665968,5200000,2590629
1090,tt5556054,5000000,586808
1091,tt9014656,10000000,233325
1092,tt8048384,4200000,2611801
1093,tt5761986,2500000,18004
1094,tt9392248,8000000,7034747
1095,tt7541838,1000000,5745
1096,tt8362736,500000,32229
1097,tt8108274,21500000,45221814
1098,tt7766886,3300000,2535002
1099,tt10746876,54,1975973
1100,tt7159566,250000,37483
1101,tt9366994,3000000,10084
1102,tt11199356,250000000,4997080
1103,tt6818118,2500000,29001
1104,tt12491064,6500000000,4751103
1105,tt11013434,3570000,6275520
1106,tt11681730,1000000,71333
1107,tt11296058,5993000,368098
1108,tt10993566,65000,2663916
1109,tt8954954,1000000,368991
1110,tt9101178,100000,2329
1111,tt8386958,12300000,10263
1112,tt10715104,3000000,389470
1113,tt11231440,50000000,11336
1114,tt10798072,1500000,1160718
1115,tt9845110,2400000,198350
1116,tt11900404,365000,2894447
1117,tt10895828,80000000,3688995
1118,tt8291918,120000000,644262
1119,tt10930586,280000000,1109387
1120,tt10750020,550000000,114121
1121,tt5788218,275000,20265
1122,tt6824530,1000000,1851
1123,tt9681728,621822,13939
1124,tt9719864,8000000,287349
1125,tt8571674,2000000,425244
1126,tt9079080,310000,294102
1127,tt10785310,300000,116720
1128,tt8471116,305000,2108
1129,tt13017046,250000,62272
1130,tt10233406,7999617,8859185
1131,tt10338808,1300000,86730
1132,tt9701934,772,139456
1133,tt11908062,1000000,9984
1134,tt10288320,1000000,259621
1135,tt11402054,60000000,251997
1136,tt4196110,2000000,27453
1137,tt9310604,245000,602
1138,tt8031054,1500000,117400
1139,tt11364376,0,6308
1140,tt11192054,2000000,544343
1141,tt11481432,2000000,1635
1142,tt10370822,116630000,2342
1143,tt8205656,40000000,233284
1144,tt12235234,124000000,11324
1145,tt10963790,3000000,10386
1146,tt10438500,1000000,27052
1147,tt9164788,2500000,38004
1148,tt5283934,2707000,58444
1149,tt10692622,300,29451
1150,tt7811018,2500000,2154
1151,tt7823938,0,4128
1152,tt10101782,35000000,734107
1153,tt12441410,600000,28351
1154,tt12753454,1300,751834
1155,tt12564514,354000000,65818
1156,tt10157810,21000000,1020756
1157,tt9861288,4200000,1227428
1158,tt9239802,10000000,3885
1159,tt12573294,2000000,17163
1160,tt12519206,1,25488
1161,tt9081510,4000000,3002045
1162,tt12661060,50000,49033
1163,tt11985684,200000,40534
1164,tt5311514,370000000,358922706
1165,tt5425264,20000000,3916195
1166,tt4777660,3000000,90611
1167,tt4246856,650000,68577
1168,tt5133308,2000000,3190219
1169,tt4937564,2500000,49957
1170,tt4327752,10000000,13109
1171,tt4776564,22400000,10857
1172,tt2782844,11200000,33289
1173,tt4680182,15000000,4531320
1174,tt5157456,1250000000,29161298
1175,tt4629266,10000000,25081168
1176,tt4621630,3000000,1143304
1177,tt4019560,6000000,269915
1178,tt4291600,500000,5401447
1179,tt5243900,35000000000,31918573
1180,tt4864932,5200000,676602
1181,tt3960412,20000000,9680029
1182,tt4652532,20000000,3554029
1183,tt2170427,3000000,23627
1184,tt0787524,10000000,12252684
1185,tt5207204,1700000,6457240
1186,tt4776998,90000000,12448676
1187,tt4303340,1254470,21148
1188,tt5344794,5000000,21701
1189,tt1663655,1000000,397072
1190,tt4871980,5000000,10414738
1191,tt3450900,25000000,906995
1192,tt3424690,3000000,289299
1193,tt1480285,5000000,663460
1194,tt5735280,300000,3599
1195,tt3253232,3000000,421404
1196,tt2990126,3000000,309
1197,tt5813916,2000000,11378898
1198,tt3723780,12000000,4828042
1199,tt4806012,4500000,7179946
1200,tt1655461,10000000,247949
1201,tt4254584,2000000,150191
1202,tt4447108,400000,24083
1203,tt4847546,1200000,8708
1204,tt4370784,6000000,7400324
1205,tt4677578,80000000,453276
1206,tt3923662,5000000,30194
1207,tt3574822,25000000,1670217
1208,tt4919484,2000000,2008649
1209,tt6068960,10000000,6960645
1210,tt5173166,13000000,9193243
1211,tt4714896,12000000,155111
1212,tt4795546,5600000,321768
1213,tt4558396,4700000,598929
1214,tt4626160,600000,207005
1215,tt4621872,15000000,9029150
1216,tt4975280,710000000,208999
1217,tt4240406,80000000,2480082
1218,tt4857596,5620000,8405304
1219,tt5039860,15000000,5623134
1220,tt3410408,300000000,69289
1221,tt5089786,2400000,2091517
1222,tt5270810,1460000000,3910254
1223,tt5471154,275600000,45150390
1224,tt3655972,4200000,2090232
1225,tt2950418,9000000,2000620
1226,tt4699534,2600000,1531866
1227,tt4776964,2300000,1065961
1228,tt6033150,4000000,11702016
1229,tt4746506,5000000,1898410
1230,tt4809638,1800000,4243953
1231,tt5843056,15000000,5350348
1232,tt2718028,2000000,1693944
1233,tt4082524,2300000,9536
1234,tt3847390,250000,39740
1235,tt5896674,1000000,8516
1236,tt4616292,5000000,2434473
1237,tt3952900,1800000,1331227
1238,tt5433520,3000000,2242471
1239,tt5460986,1000000,948
1240,tt5440700,1000000000,678057
1241,tt1401621,500000,4550
1242,tt6017536,250000,11308
1243,tt4906984,380000000,147521
1244,tt4362646,2500000,257095
1245,tt4613272,200000,935236
1246,tt4428740,7900000,3874946
1247,tt5247544,5600000,2918159
1248,tt4072326,20000000,50721
1249,tt4414438,18000000,7162
1250,tt3014556,1000000,128788
1251,tt4291700,3530000,6820723
1252,tt2248739,1100000,26448
1253,tt5129818,390000,305993
1254,tt5883632,7000000,8404
1255,tt4365518,3850000,414698
1256,tt4026570,400000,41913
1257,tt6086614,950000,502941
1258,tt4811564,1500000,102428
1259,tt3300932,1800000,9930
1260,tt4528454,1000000,39012
1261,tt4687276,1000000,621738
1262,tt3103166,3500000,182695
1263,tt3489996,2000000,25318
1264,tt4634422,1400000,901435
1265,tt5211044,1000000,19107
1266,tt4682708,400000,8438
1267,tt5572720,1000000,7550254
1268,tt5599818,500,51505
1269,tt5073020,1100000,21135
1270,tt5644006,1000000,796804
1271,tt3685570,1000000,9034
1272,tt5908566,750000,80847
1273,tt3975072,55000000,651765
1274,tt5545582,250,8930
1275,tt3697398,55000,210979
1276,tt5229228,4500000,4227648
1277,tt2787570,5000000,90456
1278,tt4283358,33000000,11426875
1279,tt5028822,800000,10844
1280,tt3591696,750000,7095
1281,tt6070530,1500000,7580125
1282,tt3919034,3000000,213835
1283,tt6316170,1000000,902012
1284,tt5700224,40000,593418
1285,tt4399594,9000000,3454709
1286,tt4838486,7045000,926
1287,tt5088794,1000000,82144
1288,tt4675030,30000000,21567
1289,tt5354664,175000000,145819137
1290,tt3658366,200000,19526
1291,tt1726252,4000000,474926
1292,tt4538016,20800000,1527
1293,tt4121640,1400000,128425
1294,tt6054290,8000000,24864375
1295,tt6074202,400000000,119107580
1296,tt5077886,3628121,672079
1297,tt1273219,650000,3558
1298,tt6041030,257000,1322500
1299,tt4949254,1200000,1475550
1300,tt4911876,1500000,23638
1301,tt4310356,5000000,5045207
1302,tt4463762,1370000,776636
1303,tt5471480,1000000,101739
1304,tt5775132,400000,178210
1305,tt4947738,3200000,222565
1306,tt4508542,2500000,250847
1307,tt5142216,2000,4300
1308,tt4983736,200000000,19873
1309,tt4080594,5200000,5701519
1310,tt5701172,140000000,261306
1311,tt4857878,2000000,327747
1312,tt5679536,250000,1441
1313,tt5920348,130000000,109818
1314,tt3744264,5000000,256229
1315,tt5141494,3969844,232289
1316,tt5372466,850000000,136623
1317,tt5852052,350000,29908
1318,tt5234510,2,134672
1319,tt6126294,400000000,191459
1320,tt5011242,1000000,406960
1321,tt6011884,200000000,2632583
1322,tt5098128,500000000,1003
1323,tt5576174,0,2845124
1324,tt5093754,0,6559996
1325,tt3505094,85135,2465
1326,tt3584954,766000,88401
1327,tt2091245,1000000,30213
1328,tt5425144,160000000,37749848
1329,tt5503266,1960000,23857217
1330,tt5568330,2000000,6559
1331,tt3503454,2000000,11972
1332,tt5131914,75000,228
1333,tt5313414,3000000,55621
1334,tt4924082,7500000,470903
1335,tt2338774,1220000,609
1336,tt5210376,450000,144130
1337,tt5882398,20000000000,19608000
1338,tt4899056,6000000,48870
1339,tt4271910,7300000,63970
1340,tt5662990,4000000,2035
1341,tt3468352,700000,272262
1342,tt2215211,1800000,2662
1343,tt3425402,60000,164772
1344,tt5909128,5000000,1465048
1345,tt4866320,1400000,250327
1346,tt4335804,2000000,63010
1347,tt5356680,500000,1185
1348,tt2249039,2500000,56551
1349,tt4862468,20000000,53306108
1350,tt5756242,100000000,7514
1351,tt6141374,1000000,627563
1352,tt5195390,17,386997
1353,tt4805816,1400000,139896
1354,tt5002394,57000,18840
1355,tt5886216,350000000,29541
1356,tt5030004,1664000,3664336
1357,tt4721502,1400000,806540
1358,tt5187816,80000000,8980243
1359,tt4524676,1500000,2293
1360,tt3577616,747500,4234
1361,tt3296248,130000,3239
1362,tt5953804,52000000,639052
1363,tt6229786,900000,2532773
1364,tt5465374,80000000,52787
1365,tt5100046,0,15590
1366,tt5551590,1200000,87618
1367,tt4125568,1000000,1055809
1368,tt6141468,1700000,98890
1369,tt5641300,20000000,1135
1370,tt4675926,3200000,246799
1371,tt5565818,50000000,424961
1372,tt6287174,3560000,18292
1373,tt4567500,700000,243897
1374,tt4176928,2500000,96169
1375,tt6153126,250000,16932
1376,tt5495258,250000000,11794
1377,tt4747848,810580,63258
1378,tt5072350,630000,181686
1379,tt5786632,600000,12388
1380,tt5933966,500000,46850
1381,tt3477172,750000,42173
1382,tt6040012,760000000,1798
1383,tt6047120,4000000,199935
1384,tt4606770,672446,34033
1385,tt5914618,12000000,1151187
1386,tt3806596,16400000,52064
1387,tt5434374,2360000,774653
1388,tt5304086,300000000,104734
1389,tt4212552,6000000,75568
1390,tt4905556,182000,49853
1391,tt4947672,2400000,157683
1392,tt5916712,400000,369
1393,tt6079360,8000000,6892
1394,tt6176162,8500000,46149
1395,tt4350998,1000000,34785
1396,tt4997196,600000,130520
1397,tt5376720,217500,7527
1398,tt5565670,50000000,504002
1399,tt5190872,9500000,12369340
1400,tt5569468,5000000,690925
1401,tt4993990,4000000,15462
1402,tt5211710,4200000,32659
1403,tt5463412,1500000,42992
1404,tt6115284,4000000,1284
1405,tt5446460,10000000000,294953
1406,tt3810602,70000,7366
1407,tt5112054,1340000,629439
1408,tt5618870,100000000,16748620
1409,tt6079160,200000,145730
1410,tt1890363,20000000,59679
1411,tt5347158,500000,29500
1412,tt5328784,100000000,7279
1413,tt3806654,1000000,20584
1414,tt5595240,60000000,296715
1415,tt3185650,1000000,29495
1416,tt5929890,1400000,432288
1417,tt5262450,1412000,3429915
1418,tt5650098,800000,51719
1419,tt4432364,10,64105
1420,tt5821968,4000000,232183
1421,tt5851492,3000000,15496
1422,tt3876860,350000000,5208
1423,tt5483634,2000000,257650
1424,tt4636252,1300000,1052730
1425,tt3263192,574000,1267
1426,tt5313980,100000000,9995
1427,tt2207112,2900000,70525
1428,tt4123876,580000,8972
1429,tt6892250,2000000,1905999
1430,tt5537614,120000,137035
1431,tt4302788,3800000,25928
1432,tt5074552,80000000,17489
1433,tt5154162,250000,56364
1434,tt3990782,500000,27836
1435,tt3411076,35000000,94950
1436,tt5746140,500000,15946
1437,tt6003734,3000000,705
1438,tt5611958,200000,12799
1439,tt6001712,1100000,19640
1440,tt4616572,650000,13260
1441,tt5439426,100000,46213
1442,tt6419748,1500000,1686
1443,tt5270366,40000000,23162
1444,tt3504836,600000,3845
1445,tt5829116,5000000,39493
1446,tt4795124,10000000,62547032
1447,tt5462326,7000000,165962
1448,tt2720826,31000000,7215027
1449,tt4131800,6500000,60330833
1450,tt5804314,3000000,7241302
1451,tt5456104,5000000,933954
1452,tt6113488,5000000,18175663
1453,tt4663548,2000000,5942565
1454,tt5816682,21000000,66558465
1455,tt4729896,500000,434336
1456,tt4155534,19500000,10952433
1457,tt3531202,4749500,23689
1458,tt2531334,5000000,94178
1459,tt4846232,4500000,3283369
1460,tt6194530,2800000,497676
1461,tt4703182,1000000,5199
1462,tt6045466,4000000,5381950
1463,tt7241654,5000000,5124
1464,tt6101820,4000000,33262366
1465,tt6515342,14800000,5394474
1466,tt5294198,350000,2666
1467,tt5649108,6000000,3187255
1468,tt6404816,24987000,1450201
1469,tt3481634,10000000,259635
1470,tt3469798,4000000,297682
1471,tt6060156,3550000,7158925
1472,tt6763252,5800000,1196669
1473,tt1934452,2000000,22443
1474,tt1230168,15000000,6423605
1475,tt6713562,1500000,3012
1476,tt3721954,4993020,9733932
1477,tt6759686,600000,5519
1478,tt3778010,24000000,21675
1479,tt4126568,650000,836413
1480,tt5222918,1600000,4282973
1481,tt4778988,26000000,2510151
1482,tt6346162,2000000,2827489
1483,tt5657028,7546570,29370592
1484,tt5154288,80000,103885
1485,tt6857250,90000000,77151096
1486,tt4728386,1300000,80051
1487,tt5281700,6000000,46180
1488,tt6155194,1500000,290064
1489,tt1935089,2500000,98280
1490,tt6106526,6000000,7976551
1491,tt4823434,26040000,576598
1492,tt5655222,1200000,4101699
1493,tt5265948,2000000,134126
1494,tt5804948,17214408,9548364
1495,tt6170954,290000000,55429
1496,tt5987402,7500000,59884997
1497,tt6462462,9729038,10968212
1498,tt6974196,1000000,579830
1499,tt6433624,2200000,979703
1500,tt5693136,3500000,860750
1501,tt6089700,800000,109227
1502,tt6081632,11000000,7034772
1503,tt4711924,1000000,423981
1504,tt5345806,25000000,1149667
1505,tt5041296,5000000,1346352
1506,tt5247704,7870000,11625884
1507,tt6423776,2978000,4192590
1508,tt6569546,162000000,782438
1509,tt6332764,1100000,20418
1510,tt8045170,7,103775
1511,tt6469892,18000000,1080895
1512,tt7147540,6250000,14751915
1513,tt4702346,2000000,7457
1514,tt2179231,1500000,19996
1515,tt7602430,400000,19743
1516,tt5509412,600000,1869
1517,tt7169514,6900000,4943572
1518,tt5207158,360000,2365712
1519,tt5553962,437000,5642
1520,tt8961266,2000000,430393
1521,tt6532192,3725000,381668
1522,tt6849128,15000000,24844
1523,tt7690638,200000000,6579645
1524,tt4823538,47900000,11021794
1525,tt8529186,150000000,366961907
1526,tt3893664,150000,31031
1527,tt4631048,200000,5010
1528,tt8580240,1000000,7850
1529,tt5932330,60000,7072
1530,tt7717440,230000000,392295
1531,tt6818140,7000000,8292310
1532,tt8320378,618086,623263
1533,tt5791098,2700000,1548893
1534,tt6993174,180,19396
1535,tt8377572,2300000,915126
1536,tt6593240,600,111197
1537,tt7769530,6600000,4531635
1538,tt4876524,20000000,1398352
1539,tt7217128,4357442,1698442
1540,tt8394526,340000,26130
1541,tt7581572,200000,809541
1542,tt6072502,3000000,64760
1543,tt3295734,250000,11201
1544,tt7533756,45500000,4957487
1545,tt6207634,900,9912
1546,tt7407496,1200000,14905
1547,tt8821182,3000000,11232
1548,tt2482856,1000000,772000
1549,tt6423998,150000,33901
1550,tt7947470,21700000,48537
1551,tt7023236,1600000,20889
1552,tt6871634,90000000,6061514
1553,tt7216256,2500000,1151580
1554,tt7676066,0,2985
1555,tt4949112,1000000,75507
1556,tt6400280,500000,38399
1557,tt7926840,30000000,3004952
1558,tt8443556,20000000,26796279
1559,tt7128066,800000,20270
1560,tt6083534,300000,4988
1561,tt7963848,19200000,703734
1562,tt9070934,70000000,29973
1563,tt8829850,280000,67415
1564,tt6051312,140000,9470
1565,tt7906422,40000000,394887
1566,tt7050476,50000000,4562667
1567,tt5225428,300000,2238
1568,tt7589670,10500000,24740
1569,tt7358598,3000000,747236
1570,tt7091504,1300000,478957
1571,tt9270416,100000000,32011
1572,tt8406750,1800000,31086
1573,tt7531990,600,947929
1574,tt3653132,500000,4767
1575,tt8297816,806000,5568
1576,tt6516734,8000000,2627805
1577,tt6712374,15000000,1929069
1578,tt5572856,500000,4942
1579,tt7711342,894000000,182751
1580,tt7345930,60000000,2735
1581,tt8837018,1000000,12135
1582,tt0493406,2800000,9891729
1583,tt8094308,720000,6302
1584,tt8071308,50000000,9626679
1585,tt5271794,3000000,79711
1586,tt2050452,1000000,213256
1587,tt6283474,1791000,636170
1588,tt6415214,8025000,53901
1589,tt5178964,2000000,69290
1590,tt5335244,400000,20062
1591,tt7413472,22100000,95948
1592,tt8493514,2,4394284
1593,tt4039842,500000,20052
1594,tt6610280,500000,296755
1595,tt7329602,100000000,232835
1596,tt3907284,3610000,954696
1597,tt8244298,54000000,39891
1598,tt6404166,300000,2202
1599,tt6755366,230000000,264307
1600,tt8814620,500000,90168
1601,tt8655618,38000000,31285
1602,tt6202690,480000,1203
1603,tt7304194,30000,5065
1604,tt7027278,350000000,13999297
1605,tt2534642,3000000,16576
1606,tt7903634,1000000,181172
1607,tt8027180,300000,11388
1608,tt7915806,30000,11496
1609,tt3674018,2000000,51703
1610,tt6264928,5000000,69175
1611,tt8026554,20000,853
1612,tt7822050,99914950,141132
1613,tt8892660,280000,474562
1614,tt7989512,12000000,19990
1615,tt7283212,300000,134288
1616,tt10505424,500000,10227
1617,tt8649148,500000,20721
1618,tt6916872,500000,11465365
1619,tt9037222,1200000,2708622
1620,tt7294844,200000,131500
1621,tt4902266,12000000,1422565
1622,tt6109080,1300000,136070
1623,tt8526824,765000,959056
1624,tt7762982,2500000,639685
1625,tt8702008,675000,43
1626,tt7571992,317000000,263485
1627,tt7925418,650000,416835
1628,tt8893870,230000000,81096321
1629,tt8901582,530000,7813
1630,tt5932800,80000,648008
1631,tt2386588,2500000,57420
1632,tt6251504,12,89178
1633,tt8128618,500,78649
1634,tt7222606,500000,26366
1635,tt8665634,1000000,188044
1636,tt4566320,677000,19366
1637,tt7499368,100000,219342
1638,tt3765310,1000000,3159
1639,tt8769528,100000,1233
1640,tt8686460,5800000,220061
1641,tt8124376,12000,896
1642,tt7773598,500000,991167
1643,tt7412738,2000000,18065
1644,tt7170698,910000,139271
1645,tt9339958,350000,285916
1646,tt7425298,640000,41411
1647,tt5687414,200000,22662
1648,tt8898164,150000,815
1649,tt8267142,280000,4583
1650,tt8290870,200000,22380
1651,tt7854040,3200000,396530
1652,tt8473642,250000,5871
1653,tt7737928,300000,3003
1654,tt6689006,1000000,14402
1655,tt7749928,1000000,39446
1656,tt9020130,1000000,1079373
1657,tt8418000,100,35862
1658,tt9067278,690000,214936
1659,tt11285908,17700000,61255955
1660,tt9426210,11100000,193186879
1661,tt7394816,9000000,84630
1662,tt8385474,16000000,75727748
1663,tt6079516,3000000,1098207
1664,tt7083526,14000000,50444358
1665,tt6902676,15000000,1002656
1666,tt3920820,10000000,4376819
1667,tt3584496,85000,116466
1668,tt10337550,210000,552
1669,tt7278824,8000000,2440478
1670,tt1298644,21000000,95017038
1671,tt8186318,5000000,38026103
1672,tt4426464,61000000,9877855
1673,tt4648786,17000000,43347017
1674,tt9527778,950000,965558
1675,tt7972178,6000000,159630
1676,tt2452244,31000000,48791187
1677,tt6284064,11000000,2113603
1678,tt6423362,9000000,6750029
1679,tt6803212,5000000,5288011
1680,tt6722030,8000000,36599361
1681,tt8652728,6000000,2563470
1682,tt7304802,5300000,1981353
1683,tt4364194,6200000,23725674
1684,tt8266310,15000000,18096691
1685,tt8400758,26000000,97092
1686,tt6521876,10000000,4691248
1687,tt6535880,5000000,2233978
1688,tt2140507,30000000,12217160
1689,tt5125894,10000000,16418218
1690,tt8660788,3000000,8299778
1691,tt10407272,4000000,5485340
1692,tt6270534,10000000,2862552
1693,tt3517870,350000,226421
1694,tt9049042,3500000,2654874
1695,tt2398149,25300000,18875436
1696,tt6736198,1450000,3231457
1697,tt8193790,4000000,1641693
1698,tt6054846,75000000,3264853
1699,tt10516086,46300000,1647393
1700,tt7054636,20000000,74747725
1701,tt9105628,6500000,547793
1702,tt7493370,6580000,1021200
1703,tt7398584,2750000,328789
1704,tt4516162,3800000,2856760
1705,tt3138122,2000000,9687
1706,tt8753438,7300000,2994369
1707,tt3340446,25000000,4323211
1708,tt8291224,450000000,39346577
1709,tt4999290,3600000,122062
1710,tt7857374,4000000,221975
1711,tt10460990,1400000,881
1712,tt7248248,5600000,151063
1713,tt5460522,2000000,205
1714,tt6814214,36000000,45937
1715,tt8266452,8000000,1778723
1716,tt10480532,6000000,16925503
1717,tt9074406,12000000,76322
1718,tt4060544,17000000,388518
1719,tt8351646,4000000,565117
1720,tt8028600,250000,1473
1721,tt6032704,1,175038
1722,tt9431080,3600000,1703524
1723,tt4642192,11,1916514
1724,tt3201736,2500000,6424420
1725,tt10215424,1000000,477009
1726,tt10384514,0,814454
1727,tt9133370,1000000,929433
1728,tt6214468,500000,5595
1729,tt7224520,1800000,76243
1730,tt7336182,1500000,22764
1731,tt9170086,3500000,1428582
1732,tt9602258,11500000000,21083522
1733,tt4925340,1300000,5504
1734,tt9351854,15000000,3697
1735,tt10291544,5000000,5556301
1736,tt5149490,2000000,47140
1737,tt6264938,1200000000,1296688
1738,tt9281008,4000000,1676781
1739,tt7374952,8000000,1404646
1740,tt6954136,500000,10606
1741,tt8220326,3800000,1431052
1742,tt7661028,1000000,14782
1743,tt7319496,4100000,1480790
1744,tt10276114,150000,13294
1745,tt8610984,6000000,607078
1746,tt6988116,1500000000,17987034
1747,tt7581552,80000000,496417
1748,tt7255568,800000000,1635907
1749,tt11498038,15500000000,13902314
1750,tt7336470,1800000,185675
1751,tt3486080,80000,67522
1752,tt9146058,800000,274858
1753,tt9617582,50000,208907
1754,tt9077038,1000000,19705
1755,tt2386668,1200000,45696
1756,tt9207188,6300000,4530412
1757,tt8431314,3000000,384145
1758,tt7986672,3377000,172220
1759,tt10151260,60000000,1087227
1760,tt9316574,28200000,4599483
1761,tt8669356,1500000,194278
1762,tt3602422,1000000,38901
1763,tt9278434,400000,69547
1764,tt9449332,250000,1596
1765,tt10419266,7000000,56245
1766,tt10214826,20000,4454
1767,tt9477520,600000000,379728
1768,tt9900782,240000000,524061
1769,tt7738784,70000000,3417
1770,tt9179230,41000000,57263
1771,tt9033534,14000000,202339
1772,tt8028628,70000000,1028949
1773,tt11041006,5600000,21386368
1774,tt7059844,100000000,14784628
1775,tt9172840,150000000,59322
1776,tt8751976,550000000,72048
1777,tt10319998,1000000,135655
1778,tt6668974,1000000,2702
1779,tt10280220,7900000,17395
1780,tt8983294,15000,21600
1781,tt8042248,400000000,111447
1782,tt8157400,4855000,249971
1783,tt5490896,1000000,180
1784,tt7387300,2500000,52156
1785,tt9824012,550000,47091
1786,tt8898812,3800000,644155
1787,tt10484902,38000000,1712086
1788,tt7979668,250000,11888
1789,tt7406704,830000,2205
1790,tt6660238,105000000,327598891
1791,tt8287690,2500000,13856
1792,tt5815016,20000000,542269
1793,tt8971476,50000000,7505141
1794,tt10124714,1000000,204032
1795,tt4493588,4500000,2871120
1796,tt10477950,8025000,5159
1797,tt7529350,700000,258008
1798,tt9643596,10000,159
1799,tt9437360,400000,11849
1800,tt10805618,980000,33381
1801,tt7853804,4000000,203863
1802,tt4971258,800000,15496
1803,tt4677244,15000000,24000
1804,tt6168914,1255000,22748
1805,tt7764804,1650000,847
1806,tt10497826,30000000,3856353
1807,tt7689186,800000,47231
1808,tt8448426,1650000,661569
1809,tt7692434,70000000,125766
1810,tt7759362,2000000,417770
1811,tt10431010,1000000,5987
1812,tt8826492,200000,267250
1813,tt6144666,500000,165
1814,tt10813338,0,1504342
1815,tt9407526,15300000,393554
1816,tt8799390,509000,566764
1817,tt11110904,10000000,36389
1818,tt9612164,500000,5934
1819,tt7725374,5000000,116900
1820,tt10298454,1000000,92640
1821,tt6066696,10000000,311640
1822,tt9081558,120000000,101737
1823,tt9575726,0,806451
1824,tt9695404,2500000,897441
1825,tt5169738,1,810
1826,tt7772498,600000,165627
1827,tt7544954,4000000,104871
1828,tt7697060,28270000,792960
1829,tt9574922,500000,252098
1830,tt7490282,1500000,330735
1831,tt10888514,50000,80675
1832,tt9883042,50000000,9306
1833,tt9258012,1350000,41827
1834,tt7109900,28000000,4629
1835,tt4325644,500000,41656
1836,tt8946798,12000000,10421
1837,tt6977218,245000,88336
1838,tt11218428,830000,1269
1839,tt6268222,500000,6536
1840,tt11470272,103000000,3187
1841,tt10750608,750000,4105
1842,tt9775716,5000,102
1843,tt6682438,300000,29395
1844,tt7699336,700000,32969
1845,tt11041754,280000,1393328
1846,tt11404586,500000,5656
1847,tt9877340,50000000,42104
1848,tt10406288,8894164,5015
1849,tt11006500,250000,82480
1850,tt11249422,500000,5633
1851,tt9249886,1500000,159915
1852,tt9648868,193580,7365
1853,tt10915106,400000,26953
1854,tt8377822,250000,3118
1855,tt8710194,750000,2263
1856,tt10534962,260000,161805
1857,tt10665470,1000000,691996
1858,tt9916428,10000000,4408165
1859,tt8790606,2000000,22402
1860,tt11166646,450,1698
1861,tt9878242,30000000,105932
1862,tt9857522,1000000,25618
1863,tt10521708,10000000,508781
1864,tt10650338,25000000,2547
1865,tt9351220,50000000,15800
1866,tt5784434,15000000,2127425
1867,tt9431740,658000,40093
1868,tt10541670,60000,1833
1869,tt6916502,3000000,374793
1870,tt7287656,1500000,34417
1871,tt9825006,3850000,119894
1872,tt9538710,450000,12502
1873,tt8207768,2000000,10248
1874,tt9648372,425406,1368
1875,tt0479943,250000,27073
1876,tt10233050,3000000,43598
1877,tt9695764,9000,30389
1878,tt3797888,55000000,16065
1879,tt10446930,1000000,274700
1880,tt7172612,180000000,142748
1881,tt9808564,50000000,29319
1882,tt9857480,3310000,409
1883,tt3064338,80000,5498
1884,tt9767586,800000,50852
1885,tt1754650,7800000,4237
1886,tt10752470,30000,7659
1887,tt9886872,30000000,2568
1888,tt10602144,950000,5514
1889,tt10183542,2,471182
1890,tt9176136,986000,36721
1891,tt6587640,90000000,34030760
1892,tt12745164,17000000,3288318
1893,tt3547306,6500000,864928
1894,tt3833480,18000000,2011158
1895,tt10081762,36000000,98157
1896,tt10308928,23000000,638221
1897,tt11140488,2000000,185026
1898,tt9779516,12000000,15756972
1899,tt12139700,8000000,237312
1900,tt2420124,6000000,144564
1901,tt8976664,3300000,6292780
1902,tt9214832,10000000,25645440
1903,tt9537888,6000000,968233
1904,tt9086228,5000000,22051055
1905,tt8200456,2400000,5222322
1906,tt10816484,2500000,3486375
1907,tt7798646,16000000,20690779
1908,tt9362276,350000000,46834
1909,tt11759906,800000,657239
1910,tt9733094,1,149937
1911,tt12145322,450000,14465
1912,tt5616176,15000000,1308559
1913,tt6393296,1600000,46296
1914,tt8305852,25000000,65852
1915,tt8006374,70000000,1230184
1916,tt9648886,1500000,3203320
1917,tt5717194,5000000,49104
1918,tt10702006,1000000,10064
1919,tt6659936,1000000,27913
1920,tt10251538,8500000,9330351
1921,tt7263040,900000,396624
1922,tt10814876,1200000,3757
1923,tt10937670,2000000,3691574
1924,tt10123698,4800000,659027
1925,tt7095476,10000000,36404
1926,tt9482230,3000000,23588
1927,tt9665968,5200000,2590629
1928,tt5556054,5000000,586808
1929,tt9014656,10000000,233325
1930,tt8048384,4200000,2611801
1931,tt5761986,2500000,18004
1932,tt9392248,8000000,7034747
1933,tt7541838,1000000,5745
1934,tt8362736,500000,32229
1935,tt8108274,21500000,45221814
1936,tt7766886,3300000,2535002
1937,tt10746876,54,1975973
1938,tt7159566,250000,37483
1939,tt9366994,3000000,10084
1940,tt11199356,250000000,4997080
1941,tt6818118,2500000,29001
1942,tt12491064,6500000000,4751103
1943,tt11013434,3570000,6275520
1944,tt11681730,1000000,71333
1945,tt11296058,5993000,368098
1946,tt10993566,65000,2663916
1947,tt8954954,1000000,368991
1948,tt9101178,100000,2329
1949,tt8386958,12300000,10263
1950,tt10715104,3000000,389470
1951,tt11231440,50000000,11336
1952,tt10798072,1500000,1160718
1953,tt9845110,2400000,198350
1954,tt11900404,365000,2894447
1955,tt10895828,80000000,3688995
1956,tt8291918,120000000,644262
1957,tt10930586,280000000,1109387
1958,tt10750020,550000000,114121
1959,tt5788218,275000,20265
1960,tt6824530,1000000,1851
1961,tt9681728,621822,13939
1962,tt9719864,8000000,287349
1963,tt8571674,2000000,425244
1964,tt9079080,310000,294102
1965,tt10785310,300000,116720
1966,tt8471116,305000,2108
1967,tt13017046,250000,62272
1968,tt10233406,7999617,8859185
1969,tt10338808,1300000,86730
1970,tt9701934,772,139456
1971,tt11908062,1000000,9984
1972,tt10288320,1000000,259621
1973,tt11402054,60000000,251997
1974,tt4196110,2000000,27453
1975,tt9310604,245000,602
1976,tt8031054,1500000,117400
1977,tt11364376,0,6308
1978,tt11192054,2000000,544343
1979,tt11481432,2000000,1635
1980,tt10370822,116630000,2342
1981,tt8205656,40000000,233284
1982,tt12235234,124000000,11324
1983,tt10963790,3000000,10386
1984,tt10438500,1000000,27052
1985,tt9164788,2500000,38004
1986,tt5283934,2707000,58444
1987,tt10692622,300,29451
1988,tt7811018,2500000,2154
1989,tt7823938,0,4128
1990,tt10101782,35000000,734107
1991,tt12441410,600000,28351
1992,tt12753454,1300,751834
1993,tt12564514,354000000,65818
1994,tt10157810,21000000,1020756
1995,tt9861288,4200000,1227428
1996,tt9239802,10000000,3885
1997,tt12573294,2000000,17163
1998,tt12519206,1,25488
1999,tt9081510,4000000,3002045
2000,tt12661060,50000,49033
2001,tt11985684,200000,40534
2002,tt5311514,370000000,358922706
2003,tt5425264,20000000,3916195
2004,tt4777660,3000000,90611
2005,tt4246856,650000,68577
2006,tt5133308,2000000,3190219
2007,tt4937564,2500000,49957
2008,tt4327752,10000000,13109
2009,tt4776564,22400000,10857
2010,tt2782844,11200000,33289
2011,tt4680182,15000000,4531320
2012,tt5157456,1250000000,29161298
2013,tt4629266,10000000,25081168
2014,tt4621630,3000000,1143304
2015,tt4019560,6000000,269915
2016,tt4291600,500000,5401447
2017,tt5243900,35000000000,31918573
2018,tt4864932,5200000,676602
2019,tt3960412,20000000,9680029
2020,tt4652532,20000000,3554029
2021,tt2170427,3000000,23627
2022,tt0787524,10000000,12252684
2023,tt5207204,1700000,6457240
2024,tt4776998,90000000,12448676
2025,tt4303340,1254470,21148
2026,tt5344794,5000000,21701
2027,tt1663655,1000000,397072
2028,tt4871980,5000000,10414738
2029,tt3450900,25000000,906995
2030,tt3424690,3000000,289299
2031,tt1480285,5000000,663460
2032,tt5735280,300000,3599
2033,tt3253232,3000000,421404
2034,tt2990126,3000000,309
2035,tt5813916,2000000,11378898
2036,tt3723780,12000000,4828042
2037,tt4806012,4500000,7179946
2038,tt1655461,10000000,247949
2039,tt4254584,2000000,150191
2040,tt4447108,400000,24083
2041,tt4847546,1200000,8708
2042,tt4370784,6000000,7400324
2043,tt4677578,80000000,453276
2044,tt3923662,5000000,30194
2045,tt3574822,25000000,1670217
2046,tt4919484,2000000,2008649
2047,tt6068960,10000000,6960645
2048,tt5173166,13000000,9193243
2049,tt4714896,12000000,155111
2050,tt4795546,5600000,321768
2051,tt4558396,4700000,598929
2052,tt4626160,600000,207005
2053,tt4621872,15000000,9029150
2054,tt4975280,710000000,208999
2055,tt4240406,80000000,2480082
2056,tt4857596,5620000,8405304
2057,tt5039860,15000000,5623134
2058,tt3410408,300000000,69289
2059,tt5089786,2400000,2091517
2060,tt5270810,1460000000,3910254
2061,tt5471154,275600000,45150390
2062,tt3655972,4200000,2090232
2063,tt2950418,9000000,2000620
2064,tt4699534,2600000,1531866
2065,tt4776964,2300000,1065961
2066,tt6033150,4000000,11702016
2067,tt4746506,5000000,1898410
2068,tt4809638,1800000,4243953
2069,tt5843056,15000000,5350348
2070,tt2718028,2000000,1693944
2071,tt4082524,2300000,9536
2072,tt3847390,250000,39740
2073,tt5896674,1000000,8516
2074,tt4616292,5000000,2434473
2075,tt3952900,1800000,1331227
2076,tt5433520,3000000,2242471
2077,tt5460986,1000000,948
2078,tt5440700,1000000000,678057
2079,tt1401621,500000,4550
2080,tt6017536,250000,11308
2081,tt4906984,380000000,147521
2082,tt4362646,2500000,257095
2083,tt4613272,200000,935236
2084,tt4428740,7900000,3874946
2085,tt5247544,5600000,2918159
2086,tt4072326,20000000,50721
2087,tt4414438,18000000,7162
2088,tt3014556,1000000,128788
2089,tt4291700,3530000,6820723
2090,tt2248739,1100000,26448
2091,tt5129818,390000,305993
2092,tt5883632,7000000,8404
2093,tt4365518,3850000,414698
2094,tt4026570,400000,41913
2095,tt6086614,950000,502941
2096,tt4811564,1500000,102428
2097,tt3300932,1800000,9930
2098,tt4528454,1000000,39012
2099,tt4687276,1000000,621738
2100,tt3103166,3500000,182695
2101,tt3489996,2000000,25318
2102,tt4634422,1400000,901435
2103,tt5211044,1000000,19107
2104,tt4682708,400000,8438
2105,tt5572720,1000000,7550254
2106,tt5599818,500,51505
2107,tt5073020,1100000,21135
2108,tt5644006,1000000,796804
2109,tt3685570,1000000,9034
2110,tt5908566,750000,80847
2111,tt3975072,55000000,651765
2112,tt5545582,250,8930
2113,tt3697398,55000,210979
2114,tt5229228,4500000,4227648
2115,tt2787570,5000000,90456
2116,tt4283358,33000000,11426875
2117,tt5028822,800000,10844
2118,tt3591696,750000,7095
2119,tt6070530,1500000,7580125
2120,tt3919034,3000000,213835
2121,tt6316170,1000000,902012
2122,tt5700224,40000,593418
2123,tt4399594,9000000,3454709
2124,tt4838486,7045000,926
2125,tt5088794,1000000,82144
2126,tt4675030,30000000,21567
2127,tt5354664,175000000,145819137
2128,tt3658366,200000,19526
2129,tt1726252,4000000,474926
2130,tt4538016,20800000,1527
2131,tt4121640,1400000,128425
2132,tt6054290,8000000,24864375
2133,tt6074202,400000000,119107580
2134,tt5077886,3628121,672079
2135,tt1273219,650000,3558
2136,tt6041030,257000,1322500
2137,tt4949254,1200000,1475550
2138,tt4911876,1500000,23638
2139,tt4310356,5000000,5045207
2140,tt4463762,1370000,776636
2141,tt5471480,1000000,101739
2142,tt5775132,400000,178210
2143,tt4947738,3200000,222565
2144,tt4508542,2500000,250847
2145,tt5142216,2000,4300
2146,tt4983736,200000000,19873
2147,tt4080594,5200000,5701519
2148,tt5701172,140000000,261306
2149,tt4857878,2000000,327747
2150,tt5679536,250000,1441
2151,tt5920348,130000000,109818
2152,tt3744264,5000000,256229
2153,tt5141494,3969844,232289
2154,tt5372466,850000000,136623
2155,tt5852052,350000,29908
2156,tt5234510,2,134672
2157,tt6126294,400000000,191459
2158,tt5011242,1000000,406960
2159,tt6011884,200000000,2632583
2160,tt5098128,500000000,1003
2161,tt5576174,0,2845124
2162,tt5093754,0,6559996
2163,tt3505094,85135,2465
2164,tt3584954,766000,88401
2165,tt2091245,1000000,30213
2166,tt5425144,160000000,37749848
2167,tt5503266,1960000,23857217
2168,tt5568330,2000000,6559
2169,tt3503454,2000000,11972
2170,tt5131914,75000,228
2171,tt5313414,3000000,55621
2172,tt4924082,7500000,470903
2173,tt2338774,1220000,609
2174,tt5210376,450000,144130
2175,tt5882398,20000000000,19608000
2176,tt4899056,6000000,48870
2177,tt4271910,7300000,63970
2178,tt5662990,4000000,2035
2179,tt3468352,700000,272262
2180,tt2215211,1800000,2662
2181,tt3425402,60000,164772
2182,tt5909128,5000000,1465048
2183,tt4866320,1400000,250327
2184,tt4335804,2000000,63010
2185,tt5356680,500000,1185
2186,tt2249039,2500000,56551
2187,tt4862468,20000000,53306108
2188,tt5756242,100000000,7514
2189,tt6141374,1000000,627563
2190,tt5195390,17,386997
2191,tt4805816,1400000,139896
2192,tt5002394,57000,18840
2193,tt5886216,350000000,29541
2194,tt5030004,1664000,3664336
2195,tt4721502,1400000,806540
2196,tt5187816,80000000,8980243
2197,tt4524676,1500000,2293
2198,tt3577616,747500,4234
2199,tt3296248,130000,3239
2200,tt5953804,52000000,639052
2201,tt6229786,900000,2532773
2202,tt5465374,80000000,52787
2203,tt5100046,0,15590
2204,tt5551590,1200000,87618
2205,tt4125568,1000000,1055809
2206,tt6141468,1700000,98890
2207,tt5641300,20000000,1135
2208,tt4675926,3200000,246799
2209,tt5565818,50000000,424961
2210,tt6287174,3560000,18292
2211,tt4567500,700000,243897
2212,tt4176928,2500000,96169
2213,tt6153126,250000,16932
2214,tt5495258,250000000,11794
2215,tt4747848,810580,63258
2216,tt5072350,630000,181686
2217,tt5786632,600000,12388
2218,tt5933966,500000,46850
2219,tt3477172,750000,42173
2220,tt6040012,760000000,1798
2221,tt6047120,4000000,199935
2222,tt4606770,672446,34033
2223,tt5914618,12000000,1151187
2224,tt3806596,16400000,52064
2225,tt5434374,2360000,774653
2226,tt5304086,300000000,104734
2227,tt4212552,6000000,75568
2228,tt4905556,182000,49853
2229,tt4947672,2400000,157683
2230,tt5916712,400000,369
2231,tt6079360,8000000,6892
2232,tt6176162,8500000,46149
2233,tt4350998,1000000,34785
2234,tt4997196,600000,130520
2235,tt5376720,217500,7527
2236,tt5565670,50000000,504002
2237,tt5190872,9500000,12369340
2238,tt5569468,5000000,690925
2239,tt4993990,4000000,15462
2240,tt5211710,4200000,32659
2241,tt5463412,1500000,42992
2242,tt6115284,4000000,1284
2243,tt5446460,10000000000,294953
2244,tt3810602,70000,7366
2245,tt5112054,1340000,629439
2246,tt5618870,100000000,16748620
2247,tt6079160,200000,145730
2248,tt1890363,20000000,59679
2249,tt5347158,500000,29500
2250,tt5328784,100000000,7279
2251,tt3806654,1000000,20584
2252,tt5595240,60000000,296715
2253,tt3185650,1000000,29495
2254,tt5929890,1400000,432288
2255,tt5262450,1412000,3429915
2256,tt5650098,800000,51719
2257,tt4432364,10,64105
2258,tt5821968,4000000,232183
2259,tt5851492,3000000,15496
2260,tt3876860,350000000,5208
2261,tt5483634,2000000,257650
2262,tt4636252,1300000,1052730
2263,tt3263192,574000,1267
2264,tt5313980,100000000,9995
2265,tt2207112,2900000,70525
2266,tt4123876,580000,8972
2267,tt6892250,2000000,1905999
2268,tt5537614,120000,137035
2269,tt4302788,3800000,25928
2270,tt5074552,80000000,17489
2271,tt5154162,250000,56364
2272,tt3990782,500000,27836
2273,tt3411076,35000000,94950
2274,tt5746140,500000,15946
2275,tt6003734,3000000,705
2276,tt5611958,200000,12799
2277,tt6001712,1100000,19640
2278,tt4616572,650000,13260
2279,tt5439426,100000,46213
2280,tt6419748,1500000,1686
2281,tt5270366,40000000,23162
2282,tt3504836,600000,3845
2283,tt5829116,5000000,39493
2284,tt4795124,10000000,62547032
2285,tt5462326,7000000,165962
2286,tt2720826,31000000,7215027
2287,tt4131800,6500000,60330833
2288,tt5804314,3000000,7241302
2289,tt5456104,5000000,933954
2290,tt6113488,5000000,18175663
2291,tt4663548,2000000,5942565
2292,tt5816682,21000000,66558465
2293,tt4729896,500000,434336
2294,tt4155534,19500000,10952433
2295,tt3531202,4749500,23689
2296,tt2531334,5000000,94178
2297,tt4846232,4500000,3283369
2298,tt6194530,2800000,497676
2299,tt4703182,1000000,5199
2300,tt6045466,4000000,5381950
2301,tt7241654,5000000,5124
2302,tt6101820,4000000,33262366
2303,tt6515342,14800000,5394474
2304,tt5294198,350000,2666
2305,tt5649108,6000000,3187255
2306,tt6404816,24987000,1450201
2307,tt3481634,10000000,259635
2308,tt3469798,4000000,297682
2309,tt6060156,3550000,7158925
2310,tt6763252,5800000,1196669
2311,tt1934452,2000000,22443
2312,tt1230168,15000000,6423605
2313,tt6713562,1500000,3012
2314,tt3721954,4993020,9733932
2315,tt6759686,600000,5519
2316,tt3778010,24000000,21675
2317,tt4126568,650000,836413
2318,tt5222918,1600000,4282973
2319,tt4778988,26000000,2510151
2320,tt6346162,2000000,2827489
2321,tt5657028,7546570,29370592
2322,tt5154288,80000,103885
2323,tt6857250,90000000,77151096
2324,tt4728386,1300000,80051
2325,tt5281700,6000000,46180
2326,tt6155194,1500000,290064
2327,tt1935089,2500000,98280
2328,tt6106526,6000000,7976551
2329,tt4823434,26040000,576598
2330,tt5655222,1200000,4101699
2331,tt5265948,2000000,134126
2332,tt5804948,17214408,9548364
2333,tt6170954,290000000,55429
2334,tt5987402,7500000,59884997
2335,tt6462462,9729038,10968212
2336,tt6974196,1000000,579830
2337,tt6433624,2200000,979703
2338,tt5693136,3500000,860750
2339,tt6089700,800000,109227
2340,tt6081632,11000000,7034772
2341,tt4711924,1000000,423981
2342,tt5345806,25000000,1149667
2343,tt5041296,5000000,1346352
2344,tt5247704,7870000,11625884
2345,tt6423776,2978000,4192590
2346,tt6569546,162000000,782438
2347,tt6332764,1100000,20418
2348,tt8045170,7,103775
2349,tt6469892,18000000,1080895
2350,tt7147540,6250000,14751915
2351,tt4702346,2000000,7457
2352,tt2179231,1500000,19996
2353,tt7602430,400000,19743
2354,tt5509412,600000,1869
2355,tt7169514,6900000,4943572
2356,tt5207158,360000,2365712
2357,tt5553962,437000,5642
2358,tt8961266,2000000,430393
2359,tt6532192,3725000,381668
2360,tt6849128,15000000,24844
2361,tt7690638,200000000,6579645
2362,tt4823538,47900000,11021794
2363,tt8529186,150000000,366961907
2364,tt3893664,150000,31031
2365,tt4631048,200000,5010
2366,tt8580240,1000000,7850
2367,tt5932330,60000,7072
2368,tt7717440,230000000,392295
2369,tt6818140,7000000,8292310
2370,tt8320378,618086,623263
2371,tt5791098,2700000,1548893
2372,tt6993174,180,19396
2373,tt8377572,2300000,915126
2374,tt6593240,600,111197
2375,tt7769530,6600000,4531635
2376,tt4876524,20000000,1398352
2377,tt7217128,4357442,1698442
2378,tt8394526,340000,26130
2379,tt7581572,200000,809541
2380,tt6072502,3000000,64760
2381,tt3295734,250000,11201
2382,tt7533756,45500000,4957487
2383,tt6207634,900,9912
2384,tt7407496,1200000,14905
2385,tt8821182,3000000,11232
2386,tt2482856,1000000,772000
2387,tt6423998,150000,33901
2388,tt7947470,21700000,48537
2389,tt7023236,1600000,20889
2390,tt6871634,90000000,6061514
2391,tt7216256,2500000,1151580
2392,tt7676066,0,2985
2393,tt4949112,1000000,75507
2394,tt6400280,500000,38399
2395,tt7926840,30000000,3004952
2396,tt8443556,20000000,26796279
2397,tt7128066,800000,20270
2398,tt6083534,300000,4988
2399,tt7963848,19200000,703734
2400,tt9070934,70000000,29973
2401,tt8829850,280000,67415
2402,tt6051312,140000,9470
2403,tt7906422,40000000,394887
2404,tt7050476,50000000,4562667
2405,tt5225428,300000,2238
2406,tt7589670,10500000,24740
2407,tt7358598,3000000,747236
2408,tt7091504,1300000,478957
2409,tt9270416,100000000,32011
2410,tt8406750,1800000,31086
2411,tt7531990,600,947929
2412,tt3653132,500000,4767
2413,tt8297816,806000,5568
2414,tt6516734,8000000,2627805
2415,tt6712374,15000000,1929069
2416,tt5572856,500000,4942
2417,tt7711342,894000000,182751
2418,tt7345930,60000000,2735
2419,tt8837018,1000000,12135
2420,tt0493406,2800000,9891729
2421,tt8094308,720000,6302
2422,tt8071308,50000000,9626679
2423,tt5271794,3000000,79711
2424,tt2050452,1000000,213256
2425,tt6283474,1791000,636170
2426,tt6415214,8025000,53901
2427,tt5178964,2000000,69290
2428,tt5335244,400000,20062
2429,tt7413472,22100000,95948
2430,tt8493514,2,4394284
2431,tt4039842,500000,20052
2432,tt6610280,500000,296755
2433,tt7329602,100000000,232835
2434,tt3907284,3610000,954696
2435,tt8244298,54000000,39891
2436,tt6404166,300000,2202
2437,tt6755366,230000000,264307
2438,tt8814620,500000,90168
2439,tt8655618,38000000,31285
2440,tt6202690,480000,1203
2441,tt7304194,30000,5065
2442,tt7027278,350000000,13999297
2443,tt2534642,3000000,16576
2444,tt7903634,1000000,181172
2445,tt8027180,300000,11388
2446,tt7915806,30000,11496
2447,tt3674018,2000000,51703
2448,tt6264928,5000000,69175
2449,tt8026554,20000,853
2450,tt7822050,99914950,141132
2451,tt8892660,280000,474562
2452,tt7989512,12000000,19990
2453,tt7283212,300000,134288
2454,tt10505424,500000,10227
2455,tt8649148,500000,20721
2456,tt6916872,500000,11465365
2457,tt9037222,1200000,2708622
2458,tt7294844,200000,131500
2459,tt4902266,12000000,1422565
2460,tt6109080,1300000,136070
2461,tt8526824,765000,959056
2462,tt7762982,2500000,639685
2463,tt8702008,675000,43
2464,tt7571992,317000000,263485
2465,tt7925418,650000,416835
2466,tt8893870,230000000,81096321
2467,tt8901582,530000,7813
2468,tt5932800,80000,648008
2469,tt2386588,2500000,57420
2470,tt6251504,12,89178
2471,tt8128618,500,78649
2472,tt7222606,500000,26366
2473,tt8665634,1000000,188044
2474,tt4566320,677000,19366
2475,tt7499368,100000,219342
2476,tt3765310,1000000,3159
2477,tt8769528,100000,1233
2478,tt8686460,5800000,220061
2479,tt8124376,12000,896
2480,tt7773598,500000,991167
2481,tt7412738,2000000,18065
2482,tt7170698,910000,139271
2483,tt9339958,350000,285916
2484,tt7425298,640000,41411
2485,tt5687414,200000,22662
2486,tt8898164,150000,815
2487,tt8267142,280000,4583
2488,tt8290870,200000,22380
2489,tt7854040,3200000,396530
2490,tt8473642,250000,5871
2491,tt7737928,300000,3003
2492,tt6689006,1000000,14402
2493,tt7749928,1000000,39446
2494,tt9020130,1000000,1079373
2495,tt8418000,100,35862
2496,tt9067278,690000,214936
2497,tt11285908,17700000,61255955
2498,tt9426210,11100000,193186879
2499,tt7394816,9000000,84630
2500,tt8385474,16000000,75727748
2501,tt6079516,3000000,1098207
2502,tt7083526,14000000,50444358
2503,tt6902676,15000000,1002656
2504,tt3920820,10000000,4376819
2505,tt3584496,85000,116466
2506,tt10337550,210000,552
2507,tt7278824,8000000,2440478
2508,tt1298644,21000000,95017038
2509,tt8186318,5000000,38026103
2510,tt4426464,61000000,9877855
2511,tt4648786,17000000,43347017
2512,tt9527778,950000,965558
2513,tt7972178,6000000,159630
2514,tt2452244,31000000,48791187
2515,tt6284064,11000000,2113603
2516,tt6423362,9000000,6750029
2517,tt6803212,5000000,5288011
2518,tt6722030,8000000,36599361
2519,tt8652728,6000000,2563470
2520,tt7304802,5300000,1981353
2521,tt4364194,6200000,23725674
2522,tt8266310,15000000,18096691
2523,tt8400758,26000000,97092
2524,tt6521876,10000000,4691248
2525,tt6535880,5000000,2233978
2526,tt2140507,30000000,12217160
2527,tt5125894,10000000,16418218
2528,tt8660788,3000000,8299778
2529,tt10407272,4000000,5485340
2530,tt6270534,10000000,2862552
2531,tt3517870,350000,226421
2532,tt9049042,3500000,2654874
2533,tt2398149,25300000,18875436
2534,tt6736198,1450000,3231457
2535,tt8193790,4000000,1641693
2536,tt6054846,75000000,3264853
2537,tt10516086,46300000,1647393
2538,tt7054636,20000000,74747725
2539,tt9105628,6500000,547793
2540,tt7493370,6580000,1021200
2541,tt7398584,2750000,328789
2542,tt4516162,3800000,2856760
2543,tt3138122,2000000,9687
2544,tt8753438,7300000,2994369
2545,tt3340446,25000000,4323211
2546,tt8291224,450000000,39346577
2547,tt4999290,3600000,122062
2548,tt7857374,4000000,221975
2549,tt10460990,1400000,881
2550,tt7248248,5600000,151063
2551,tt5460522,2000000,205
2552,tt6814214,36000000,45937
2553,tt8266452,8000000,1778723
2554,tt10480532,6000000,16925503
2555,tt9074406,12000000,76322
2556,tt4060544,17000000,388518
2557,tt8351646,4000000,565117
2558,tt8028600,250000,1473
2559,tt6032704,1,175038
2560,tt9431080,3600000,1703524
2561,tt4642192,11,1916514
2562,tt3201736,2500000,6424420
2563,tt10215424,1000000,477009
2564,tt10384514,0,814454
2565,tt9133370,1000000,929433
2566,tt6214468,500000,5595
2567,tt7224520,1800000,76243
2568,tt7336182,1500000,22764
2569,tt9170086,3500000,1428582
2570,tt9602258,11500000000,21083522
2571,tt4925340,1300000,5504
2572,tt9351854,15000000,3697
2573,tt10291544,5000000,5556301
2574,tt5149490,2000000,47140
2575,tt6264938,1200000000,1296688
2576,tt9281008,4000000,1676781
2577,tt7374952,8000000,1404646
2578,tt6954136,500000,10606
2579,tt8220326,3800000,1431052
2580,tt7661028,1000000,14782
2581,tt7319496,4100000,1480790
2582,tt10276114,150000,13294
2583,tt8610984,6000000,607078
2584,tt6988116,1500000000,17987034
2585,tt7581552,80000000,496417
2586,tt7255568,800000000,1635907
2587,tt11498038,15500000000,13902314
2588,tt7336470,1800000,185675
2589,tt3486080,80000,67522
2590,tt9146058,800000,274858
2591,tt9617582,50000,208907
2592,tt9077038,1000000,19705
2593,tt2386668,1200000,45696
2594,tt9207188,6300000,4530412
2595,tt8431314,3000000,384145
2596,tt7986672,3377000,172220
2597,tt10151260,60000000,1087227
2598,tt9316574,28200000,4599483
2599,tt8669356,1500000,194278
2600,tt3602422,1000000,38901
2601,tt9278434,400000,69547
2602,tt9449332,250000,1596
2603,tt10419266,7000000,56245
2604,tt10214826,20000,4454
2605,tt9477520,600000000,379728
2606,tt9900782,240000000,524061
2607,tt7738784,70000000,3417
2608,tt9179230,41000000,57263
2609,tt9033534,14000000,202339
2610,tt8028628,70000000,1028949
2611,tt11041006,5600000,21386368
2612,tt7059844,100000000,14784628
2613,tt9172840,150000000,59322
2614,tt8751976,550000000,72048
2615,tt10319998,1000000,135655
2616,tt6668974,1000000,2702
2617,tt10280220,7900000,17395
2618,tt8983294,15000,21600
2619,tt8042248,400000000,111447
2620,tt8157400,4855000,249971
2621,tt5490896,1000000,180
2622,tt7387300,2500000,52156
2623,tt9824012,550000,47091
2624,tt8898812,3800000,644155
2625,tt10484902,38000000,1712086
2626,tt7979668,250000,11888
2627,tt7406704,830000,2205
2628,tt6660238,105000000,327598891
2629,tt8287690,2500000,13856
2630,tt5815016,20000000,542269
2631,tt8971476,50000000,7505141
2632,tt10124714,1000000,204032
2633,tt4493588,4500000,2871120
2634,tt10477950,8025000,5159
2635,tt7529350,700000,258008
2636,tt9643596,10000,159
2637,tt9437360,400000,11849
2638,tt10805618,980000,33381
2639,tt7853804,4000000,203863
2640,tt4971258,800000,15496
2641,tt4677244,15000000,24000
2642,tt6168914,1255000,22748
2643,tt7764804,1650000,847
2644,tt10497826,30000000,3856353
2645,tt7689186,800000,47231
2646,tt8448426,1650000,661569
2647,tt7692434,70000000,125766
2648,tt7759362,2000000,417770
2649,tt10431010,1000000,5987
2650,tt8826492,200000,267250
2651,tt6144666,500000,165
2652,tt10813338,0,1504342
2653,tt9407526,15300000,393554
2654,tt8799390,509000,566764
2655,tt11110904,10000000,36389
2656,tt9612164,500000,5934
2657,tt7725374,5000000,116900
2658,tt10298454,1000000,92640
2659,tt6066696,10000000,311640
2660,tt9081558,120000000,101737
2661,tt9575726,0,806451
2662,tt9695404,2500000,897441
2663,tt5169738,1,810
2664,tt7772498,600000,165627
2665,tt7544954,4000000,104871
2666,tt7697060,28270000,792960
2667,tt9574922,500000,252098
2668,tt7490282,1500000,330735
2669,tt10888514,50000,80675
2670,tt9883042,50000000,9306
2671,tt9258012,1350000,41827
2672,tt7109900,28000000,4629
2673,tt4325644,500000,41656
2674,tt8946798,12000000,10421
2675,tt6977218,245000,88336
2676,tt11218428,830000,1269
2677,tt6268222,500000,6536
2678,tt11470272,103000000,3187
2679,tt10750608,750000,4105
2680,tt9775716,5000,102
2681,tt6682438,300000,29395
2682,tt7699336,700000,32969
2683,tt11041754,280000,1393328
2684,tt11404586,500000,5656
2685,tt9877340,50000000,42104
2686,tt10406288,8894164,5015
2687,tt11006500,250000,82480
2688,tt11249422,500000,5633
2689,tt9249886,1500000,159915
2690,tt9648868,193580,7365
2691,tt10915106,400000,26953
2692,tt8377822,250000,3118
2693,tt8710194,750000,2263
2694,tt10534962,260000,161805
2695,tt10665470,1000000,691996
2696,tt9916428,10000000,4408165
2697,tt8790606,2000000,22402
2698,tt11166646,450,1698
2699,tt9878242,30000000,105932
2700,tt9857522,1000000,25618
2701,tt10521708,10000000,508781
2702,tt10650338,25000000,2547
2703,tt9351220,50000000,15800
2704,tt5784434,15000000,2127425
2705,tt9431740,658000,40093
2706,tt10541670,60000,1833
2707,tt6916502,3000000,374793
2708,tt7287656,1500000,34417
2709,tt9825006,3850000,119894
2710,tt9538710,450000,12502
2711,tt8207768,2000000,10248
2712,tt9648372,425406,1368
2713,tt0479943,250000,27073
2714,tt10233050,3000000,43598
2715,tt9695764,9000,30389
2716,tt3797888,55000000,16065
2717,tt10446930,1000000,274700
2718,tt7172612,180000000,142748
2719,tt9808564,50000000,29319
2720,tt9857480,3310000,409
2721,tt3064338,80000,5498
2722,tt9767586,800000,50852
2723,tt1754650,7800000,4237
2724,tt10752470,30000,7659
2725,tt9886872,30000000,2568
2726,tt10602144,950000,5514
2727,tt10183542,2,471182
2728,tt9176136,986000,36721
2729,tt6587640,90000000,34030760
2730,tt12745164,17000000,3288318
2731,tt3547306,6500000,864928
2732,tt3833480,18000000,2011158
2733,tt10081762,36000000,98157
2734,tt10308928,23000000,638221
2735,tt11140488,2000000,185026
2736,tt9779516,12000000,15756972
2737,tt12139700,8000000,237312
2738,tt2420124,6000000,144564
2739,tt8976664,3300000,6292780
2740,tt9214832,10000000,25645440
2741,tt9537888,6000000,968233
2742,tt9086228,5000000,22051055
2743,tt8200456,2400000,5222322
2744,tt10816484,2500000,3486375
2745,tt7798646,16000000,20690779
2746,tt9362276,350000000,46834
2747,tt11759906,800000,657239
2748,tt9733094,1,149937
2749,tt12145322,450000,14465
2750,tt5616176,15000000,1308559
2751,tt6393296,1600000,46296
2752,tt8305852,25000000,65852
2753,tt8006374,70000000,1230184
2754,tt9648886,1500000,3203320
2755,tt5717194,5000000,49104
2756,tt10702006,1000000,10064
2757,tt6659936,1000000,27913
2758,tt10251538,8500000,9330351
2759,tt7263040,900000,396624
2760,tt10814876,1200000,3757
2761,tt10937670,2000000,3691574
2762,tt10123698,4800000,659027
2763,tt7095476,10000000,36404
2764,tt9482230,3000000,23588
2765,tt9665968,5200000,2590629
2766,tt5556054,5000000,586808
2767,tt9014656,10000000,233325
2768,tt8048384,4200000,2611801
2769,tt5761986,2500000,18004
2770,tt9392248,8000000,7034747
2771,tt7541838,1000000,5745
2772,tt8362736,500000,32229
2773,tt8108274,21500000,45221814
2774,tt7766886,3300000,2535002
2775,tt10746876,54,1975973
2776,tt7159566,250000,37483
2777,tt9366994,3000000,10084
2778,tt11199356,250000000,4997080
2779,tt6818118,2500000,29001
2780,tt12491064,6500000000,4751103
2781,tt11013434,3570000,6275520
2782,tt11681730,1000000,71333
2783,tt11296058,5993000,368098
2784,tt10993566,65000,2663916
2785,tt8954954,1000000,368991
2786,tt9101178,100000,2329
2787,tt8386958,12300000,10263
2788,tt10715104,3000000,389470
2789,tt11231440,50000000,11336
2790,tt10798072,1500000,1160718
2791,tt9845110,2400000,198350
2792,tt11900404,365000,2894447
2793,tt10895828,80000000,3688995
2794,tt8291918,120000000,644262
2795,tt10930586,280000000,1109387
2796,tt10750020,550000000,114121
2797,tt5788218,275000,20265
2798,tt6824530,1000000,1851
2799,tt9681728,621822,13939
2800,tt9719864,8000000,287349
2801,tt8571674,2000000,425244
2802,tt9079080,310000,294102
2803,tt10785310,300000,116720
2804,tt8471116,305000,2108
2805,tt13017046,250000,62272
2806,tt10233406,7999617,8859185
2807,tt10338808,1300000,86730
2808,tt9701934,772,139456
2809,tt11908062,1000000,9984
2810,tt10288320,1000000,259621
2811,tt11402054,60000000,251997
2812,tt4196110,2000000,27453
2813,tt9310604,245000,602
2814,tt8031054,1500000,117400
2815,tt11364376,0,6308
2816,tt11192054,2000000,544343
2817,tt11481432,2000000,1635
2818,tt10370822,116630000,2342
2819,tt8205656,40000000,233284
2820,tt12235234,124000000,11324
2821,tt10963790,3000000,10386
2822,tt10438500,1000000,27052
2823,tt9164788,2500000,38004
2824,tt5283934,2707000,58444
2825,tt10692622,300,29451
2826,tt7811018,2500000,2154
2827,tt7823938,0,4128
2828,tt10101782,35000000,734107
2829,tt12441410,600000,28351
2830,tt12753454,1300,751834
2831,tt12564514,354000000,65818
2832,tt10157810,21000000,1020756
2833,tt9861288,4200000,1227428
2834,tt9239802,10000000,3885
2835,tt12573294,2000000,17163
2836,tt12519206,1,25488
2837,tt9081510,4000000,3002045
2838,tt12661060,50000,49033
2839,tt11985684,200000,40534
